DateTime,UCSB CHIRPS Rainfall: avg
1/30/2006 0:00,0.262
1/31/2006 0:00,0.19
2/1/2006 0:00,2.475
2/2/2006 0:00,7.085
2/3/2006 0:00,1.008
2/4/2006 0:00,8.837
2/5/2006 0:00,1.497
2/6/2006 0:00,0.722
2/7/2006 0:00,1.745
2/8/2006 0:00,0.247
2/9/2006 0:00,3.215
2/10/2006 0:00,20.558
2/11/2006 0:00,12.033
2/12/2006 0:00,4.539
2/13/2006 0:00,5.779
2/14/2006 0:00,7.525
2/15/2006 0:00,10.116
2/16/2006 0:00,3.43
2/17/2006 0:00,11.61
2/18/2006 0:00,7.521
2/19/2006 0:00,17.729
2/20/2006 0:00,3.474
2/21/2006 0:00,14.204
2/22/2006 0:00,7.35
2/23/2006 0:00,21.321
2/24/2006 0:00,29.431
2/25/2006 0:00,18.051
2/26/2006 0:00,6.12
2/27/2006 0:00,9.427
2/28/2006 0:00,0
3/1/2006 0:00,0.336
3/2/2006 0:00,2.986
3/3/2006 0:00,1.008
3/4/2006 0:00,0.826
3/5/2006 0:00,14.529
3/6/2006 0:00,4.44
3/7/2006 0:00,1.273
3/8/2006 0:00,1.016
3/9/2006 0:00,3.582
3/10/2006 0:00,3.915
3/11/2006 0:00,2.446
3/12/2006 0:00,18.008
3/13/2006 0:00,7.855
3/14/2006 0:00,4.014
3/15/2006 0:00,14.887
3/16/2006 0:00,18.687
3/17/2006 0:00,19.706
3/18/2006 0:00,37.238
3/19/2006 0:00,24.788
3/20/2006 0:00,15.539
3/21/2006 0:00,22.786
3/22/2006 0:00,12.582
3/23/2006 0:00,12.19
3/24/2006 0:00,1.747
3/25/2006 0:00,1.833
3/26/2006 0:00,11.216
3/27/2006 0:00,14.909
3/28/2006 0:00,3.726
3/29/2006 0:00,9.148
3/30/2006 0:00,14.765
3/31/2006 0:00,14.319
4/1/2006 0:00,13.242
4/2/2006 0:00,20.136
4/3/2006 0:00,20.637
4/4/2006 0:00,14.014
4/5/2006 0:00,1.008
4/6/2006 0:00,15.514
4/7/2006 0:00,9.133
4/8/2006 0:00,23.783
4/9/2006 0:00,2.487
4/10/2006 0:00,17.15
4/11/2006 0:00,3.845
4/12/2006 0:00,13.199
4/13/2006 0:00,9.1
4/14/2006 0:00,7.321
4/15/2006 0:00,13.012
4/16/2006 0:00,1.973
4/17/2006 0:00,12.066
4/18/2006 0:00,15.851
4/19/2006 0:00,5.549
4/20/2006 0:00,26.105
4/21/2006 0:00,3.373
4/22/2006 0:00,15.06
4/23/2006 0:00,3.721
4/24/2006 0:00,3.573
4/25/2006 0:00,3.897
4/26/2006 0:00,13.063
4/27/2006 0:00,3.371
4/28/2006 0:00,4.585
4/29/2006 0:00,10.65
4/30/2006 0:00,1.383
5/1/2006 0:00,5.795
5/2/2006 0:00,3.005
5/3/2006 0:00,0.291
5/4/2006 0:00,8.413
5/5/2006 0:00,6.27
5/6/2006 0:00,12.528
5/7/2006 0:00,0.206
5/8/2006 0:00,6.71
5/9/2006 0:00,7.686
5/10/2006 0:00,5.762
5/11/2006 0:00,4.515
5/12/2006 0:00,3.383
5/13/2006 0:00,2.2
5/14/2006 0:00,5.15
5/15/2006 0:00,2.863
5/16/2006 0:00,5.742
5/17/2006 0:00,4.824
5/18/2006 0:00,4.484
5/19/2006 0:00,1.247
5/20/2006 0:00,2.748
5/21/2006 0:00,3.83
5/22/2006 0:00,13.576
5/23/2006 0:00,0.391
5/24/2006 0:00,3.533
5/25/2006 0:00,1.768
5/26/2006 0:00,8.318
5/27/2006 0:00,3.714
5/28/2006 0:00,3.258
5/29/2006 0:00,2.528
5/30/2006 0:00,0.001
5/31/2006 0:00,0.193
6/1/2006 0:00,4.087
6/2/2006 0:00,0.033
6/3/2006 0:00,0.871
6/4/2006 0:00,0.245
6/5/2006 0:00,0.659
6/6/2006 0:00,4.47
6/7/2006 0:00,1.443
6/8/2006 0:00,7.743
6/9/2006 0:00,2.223
6/10/2006 0:00,7.274
6/11/2006 0:00,2.06
6/12/2006 0:00,7.382
6/13/2006 0:00,10.07
6/14/2006 0:00,4.753
6/15/2006 0:00,8.527
6/16/2006 0:00,6.858
6/17/2006 0:00,6.431
6/18/2006 0:00,7.47
6/19/2006 0:00,17.351
6/20/2006 0:00,9.169
6/21/2006 0:00,1.199
6/22/2006 0:00,5.568
6/23/2006 0:00,20.47
6/24/2006 0:00,2.812
6/25/2006 0:00,0.018
6/26/2006 0:00,0
6/27/2006 0:00,0
6/28/2006 0:00,0
6/29/2006 0:00,0.384
6/30/2006 0:00,0
7/1/2006 0:00,0
7/2/2006 0:00,0.406
7/3/2006 0:00,0.044
7/4/2006 0:00,0
7/5/2006 0:00,3.715
7/6/2006 0:00,0.099
7/7/2006 0:00,0.317
7/8/2006 0:00,1.205
7/9/2006 0:00,14.502
7/10/2006 0:00,5.984
7/11/2006 0:00,7.348
7/12/2006 0:00,0.94
7/13/2006 0:00,1.159
7/14/2006 0:00,0.751
7/15/2006 0:00,0.909
7/16/2006 0:00,0.098
7/17/2006 0:00,0.563
7/18/2006 0:00,1.823
7/19/2006 0:00,10.837
7/20/2006 0:00,0
7/21/2006 0:00,0.622
7/22/2006 0:00,0.576
7/23/2006 0:00,7.519
7/24/2006 0:00,3.266
7/25/2006 0:00,3.852
7/26/2006 0:00,0.056
7/27/2006 0:00,2.321
7/28/2006 0:00,6.636
7/29/2006 0:00,4.98
7/30/2006 0:00,6.885
7/31/2006 0:00,3.338
8/1/2006 0:00,3.941
8/2/2006 0:00,1.483
8/3/2006 0:00,1.207
8/4/2006 0:00,0.076
8/5/2006 0:00,0.125
8/6/2006 0:00,2.197
8/7/2006 0:00,3.218
8/8/2006 0:00,2.887
8/9/2006 0:00,0.935
8/10/2006 0:00,0.186
8/11/2006 0:00,3.553
8/12/2006 0:00,0.051
8/13/2006 0:00,0.478
8/14/2006 0:00,2.255
8/15/2006 0:00,5.136
8/16/2006 0:00,11.667
8/17/2006 0:00,0.868
8/18/2006 0:00,7.037
8/19/2006 0:00,2.698
8/20/2006 0:00,2.764
8/21/2006 0:00,0.594
8/22/2006 0:00,0.068
8/23/2006 0:00,0.117
8/24/2006 0:00,0.108
8/25/2006 0:00,2.923
8/26/2006 0:00,10.142
8/27/2006 0:00,11.941
8/28/2006 0:00,13.492
8/29/2006 0:00,11.335
8/30/2006 0:00,16.105
8/31/2006 0:00,16.743
9/1/2006 0:00,1.225
9/2/2006 0:00,0.58
9/3/2006 0:00,5.776
9/4/2006 0:00,19.298
9/5/2006 0:00,13.016
9/6/2006 0:00,7.768
9/7/2006 0:00,8.344
9/8/2006 0:00,7.609
9/9/2006 0:00,3.433
9/10/2006 0:00,1.237
9/11/2006 0:00,0.262
9/12/2006 0:00,0.401
9/13/2006 0:00,1.746
9/14/2006 0:00,10.76
9/15/2006 0:00,7.759
9/16/2006 0:00,7.301
9/17/2006 0:00,5.75
9/18/2006 0:00,4.078
9/19/2006 0:00,0.451
9/20/2006 0:00,0.285
9/21/2006 0:00,1.206
9/22/2006 0:00,8.179
9/23/2006 0:00,10.959
9/24/2006 0:00,6.526
9/25/2006 0:00,0.918
9/26/2006 0:00,4.547
9/27/2006 0:00,1.744
9/28/2006 0:00,0.144
9/29/2006 0:00,1.905
9/30/2006 0:00,2.626
10/1/2006 0:00,4.523
10/2/2006 0:00,7.145
10/3/2006 0:00,0.292
10/4/2006 0:00,2.388
10/5/2006 0:00,2.063
10/6/2006 0:00,3.719
10/7/2006 0:00,1.634
10/8/2006 0:00,5.456
10/9/2006 0:00,2.47
10/10/2006 0:00,11.076
10/11/2006 0:00,1.227
10/12/2006 0:00,1.341
10/13/2006 0:00,0.517
10/14/2006 0:00,3.701
10/15/2006 0:00,2.739
10/16/2006 0:00,0.579
10/17/2006 0:00,0.607
10/18/2006 0:00,3.163
10/19/2006 0:00,1.75
10/20/2006 0:00,5.582
10/21/2006 0:00,3.65
10/22/2006 0:00,1.534
10/23/2006 0:00,0.894
10/24/2006 0:00,4.103
10/25/2006 0:00,4.544
10/26/2006 0:00,9.069
10/27/2006 0:00,14.708
10/28/2006 0:00,13.456
10/29/2006 0:00,8.15
10/30/2006 0:00,21.354
10/31/2006 0:00,25.613
11/1/2006 0:00,7.651
11/2/2006 0:00,5.229
11/3/2006 0:00,3.723
11/4/2006 0:00,6.208
11/5/2006 0:00,1.037
11/6/2006 0:00,7.967
11/7/2006 0:00,8.532
11/8/2006 0:00,4.496
11/9/2006 0:00,1.864
11/10/2006 0:00,11.964
11/11/2006 0:00,5.507
11/12/2006 0:00,13.335
11/13/2006 0:00,6.702
11/14/2006 0:00,9.931
11/15/2006 0:00,7.29
11/16/2006 0:00,2.395
11/17/2006 0:00,6.81
11/18/2006 0:00,7.652
11/19/2006 0:00,8.295
11/20/2006 0:00,2.819
11/21/2006 0:00,6.287
11/22/2006 0:00,13.135
11/23/2006 0:00,13.491
11/24/2006 0:00,19.23
11/25/2006 0:00,1.381
11/26/2006 0:00,7.753
11/27/2006 0:00,12.34
11/28/2006 0:00,8.189
11/29/2006 0:00,2.196
11/30/2006 0:00,6.784
12/1/2006 0:00,24.676
12/2/2006 0:00,25.72
12/3/2006 0:00,5.566
12/4/2006 0:00,10.667
12/5/2006 0:00,8.747
12/6/2006 0:00,30.172
12/7/2006 0:00,15.863
12/8/2006 0:00,28.72
12/9/2006 0:00,10.401
12/10/2006 0:00,19.842
12/11/2006 0:00,18.84
12/12/2006 0:00,11
12/13/2006 0:00,26.822
12/14/2006 0:00,23.248
12/15/2006 0:00,10.121
12/16/2006 0:00,5.472
12/17/2006 0:00,11.567
12/18/2006 0:00,9.638
12/19/2006 0:00,4.29
12/20/2006 0:00,0.808
12/21/2006 0:00,16.515
12/22/2006 0:00,30.458
12/23/2006 0:00,8.072
12/24/2006 0:00,8.522
12/25/2006 0:00,4.007
12/26/2006 0:00,12.131
12/27/2006 0:00,14.501
12/28/2006 0:00,31.421
12/29/2006 0:00,23.75
12/30/2006 0:00,3.891
12/31/2006 0:00,0.729
1/1/2007 0:00,13.714
1/2/2007 0:00,15.415
1/3/2007 0:00,30.358
1/4/2007 0:00,11.375
1/5/2007 0:00,25.197
1/6/2007 0:00,0.993
1/7/2007 0:00,4.945
1/8/2007 0:00,8.539
1/9/2007 0:00,6.612
1/10/2007 0:00,15.433
1/11/2007 0:00,30.533
1/12/2007 0:00,8.564
1/13/2007 0:00,8.435
1/14/2007 0:00,16.053
1/15/2007 0:00,7.833
1/16/2007 0:00,6.561
1/17/2007 0:00,22.871
1/18/2007 0:00,19.38
1/19/2007 0:00,15.678
1/20/2007 0:00,33.865
1/21/2007 0:00,11.768
1/22/2007 0:00,16.48
1/23/2007 0:00,4.407
1/24/2007 0:00,19.957
1/25/2007 0:00,8.066
1/26/2007 0:00,3.35
1/27/2007 0:00,8.613
1/28/2007 0:00,11.789
1/29/2007 0:00,0.714
1/30/2007 0:00,1.53
1/31/2007 0:00,0.833
2/1/2007 0:00,0.558
2/2/2007 0:00,2.982
2/3/2007 0:00,2.681
2/4/2007 0:00,0.847
2/5/2007 0:00,0.516
2/6/2007 0:00,0
2/7/2007 0:00,0
2/8/2007 0:00,0.183
2/9/2007 0:00,0.111
2/10/2007 0:00,0.012
2/11/2007 0:00,0.711
2/12/2007 0:00,3.62
2/13/2007 0:00,14.86
2/14/2007 0:00,1.978
2/15/2007 0:00,5.946
2/16/2007 0:00,12.97
2/17/2007 0:00,6.267
2/18/2007 0:00,13.153
2/19/2007 0:00,3.381
2/20/2007 0:00,10.919
2/21/2007 0:00,16.891
2/22/2007 0:00,17.884
2/23/2007 0:00,2.644
2/24/2007 0:00,20.107
2/25/2007 0:00,7.451
2/26/2007 0:00,13.585
2/27/2007 0:00,3.422
2/28/2007 0:00,10.938
3/1/2007 0:00,4.903
3/2/2007 0:00,4.943
3/3/2007 0:00,9.015
3/4/2007 0:00,3.997
3/5/2007 0:00,3.288
3/6/2007 0:00,6.778
3/7/2007 0:00,9.69
3/8/2007 0:00,5.185
3/9/2007 0:00,0.766
3/10/2007 0:00,6.096
3/11/2007 0:00,0.545
3/12/2007 0:00,8.472
3/13/2007 0:00,22.757
3/14/2007 0:00,6.878
3/15/2007 0:00,27.813
3/16/2007 0:00,18.292
3/17/2007 0:00,17.982
3/18/2007 0:00,22.769
3/19/2007 0:00,25.688
3/20/2007 0:00,11.774
3/21/2007 0:00,9.504
3/22/2007 0:00,0.705
3/23/2007 0:00,4.461
3/24/2007 0:00,1.615
3/25/2007 0:00,1.043
3/26/2007 0:00,4.413
3/27/2007 0:00,6.086
3/28/2007 0:00,18.349
3/29/2007 0:00,1.13
3/30/2007 0:00,4.245
3/31/2007 0:00,18.915
4/1/2007 0:00,7.84
4/2/2007 0:00,12.553
4/3/2007 0:00,8.948
4/4/2007 0:00,10.766
4/5/2007 0:00,1.489
4/6/2007 0:00,5.062
4/7/2007 0:00,2.855
4/8/2007 0:00,20.03
4/9/2007 0:00,26.006
4/10/2007 0:00,15.797
4/11/2007 0:00,18.077
4/12/2007 0:00,23.242
4/13/2007 0:00,20.519
4/14/2007 0:00,10.381
4/15/2007 0:00,5.096
4/16/2007 0:00,17.188
4/17/2007 0:00,9.337
4/18/2007 0:00,12.782
4/19/2007 0:00,13.138
4/20/2007 0:00,1.784
4/21/2007 0:00,9.701
4/22/2007 0:00,13.769
4/23/2007 0:00,20.346
4/24/2007 0:00,6.558
4/25/2007 0:00,15.197
4/26/2007 0:00,2.556
4/27/2007 0:00,16.708
4/28/2007 0:00,26.359
4/29/2007 0:00,14.133
4/30/2007 0:00,6.541
5/1/2007 0:00,19.453
5/2/2007 0:00,12.661
5/3/2007 0:00,18.406
5/4/2007 0:00,2.928
5/5/2007 0:00,0.647
5/6/2007 0:00,0.646
5/7/2007 0:00,2.489
5/8/2007 0:00,3.59
5/9/2007 0:00,9.861
5/10/2007 0:00,10.479
5/11/2007 0:00,6.593
5/12/2007 0:00,3.95
5/13/2007 0:00,16.608
5/14/2007 0:00,21.745
5/15/2007 0:00,5.735
5/16/2007 0:00,12.467
5/17/2007 0:00,14.393
5/18/2007 0:00,2.766
5/19/2007 0:00,10.94
5/20/2007 0:00,15.799
5/21/2007 0:00,3.375
5/22/2007 0:00,5.186
5/23/2007 0:00,0.387
5/24/2007 0:00,0.741
5/25/2007 0:00,3.051
5/26/2007 0:00,6.005
5/27/2007 0:00,1.717
5/28/2007 0:00,15.335
5/29/2007 0:00,18.595
5/30/2007 0:00,7.096
5/31/2007 0:00,6.092
6/1/2007 0:00,11.417
6/2/2007 0:00,5.333
6/3/2007 0:00,7.444
6/4/2007 0:00,13.521
6/5/2007 0:00,15.267
6/6/2007 0:00,7.061
6/7/2007 0:00,8.607
6/8/2007 0:00,1.405
6/9/2007 0:00,0.328
6/10/2007 0:00,15.487
6/11/2007 0:00,6.865
6/12/2007 0:00,7.93
6/13/2007 0:00,2.136
6/14/2007 0:00,4.158
6/15/2007 0:00,9.779
6/16/2007 0:00,30.283
6/17/2007 0:00,4.325
6/18/2007 0:00,5.228
6/19/2007 0:00,1.274
6/20/2007 0:00,2.934
6/21/2007 0:00,1.067
6/22/2007 0:00,18.063
6/23/2007 0:00,4.483
6/24/2007 0:00,1.247
6/25/2007 0:00,3.061
6/26/2007 0:00,0.114
6/27/2007 0:00,0
6/28/2007 0:00,0.127
6/29/2007 0:00,0.302
6/30/2007 0:00,0.005
7/1/2007 0:00,0.124
7/2/2007 0:00,0.726
7/3/2007 0:00,1.619
7/4/2007 0:00,2.563
7/5/2007 0:00,0.692
7/6/2007 0:00,7.675
7/7/2007 0:00,3.164
7/8/2007 0:00,18.14
7/9/2007 0:00,1.935
7/10/2007 0:00,7.668
7/11/2007 0:00,6.121
7/12/2007 0:00,13.238
7/13/2007 0:00,1.244
7/14/2007 0:00,2.53
7/15/2007 0:00,13.211
7/16/2007 0:00,7.61
7/17/2007 0:00,7.194
7/18/2007 0:00,7.053
7/19/2007 0:00,0.641
7/20/2007 0:00,11.874
7/21/2007 0:00,11.668
7/22/2007 0:00,11.791
7/23/2007 0:00,7.425
7/24/2007 0:00,5.659
7/25/2007 0:00,0.825
7/26/2007 0:00,7.217
7/27/2007 0:00,9.311
7/28/2007 0:00,8.608
7/29/2007 0:00,7.866
7/30/2007 0:00,2.53
7/31/2007 0:00,7.99
8/1/2007 0:00,6.94
8/2/2007 0:00,1.695
8/3/2007 0:00,0.496
8/4/2007 0:00,0.118
8/5/2007 0:00,0.71
8/6/2007 0:00,0.018
8/7/2007 0:00,2.569
8/8/2007 0:00,2.212
8/9/2007 0:00,2.161
8/10/2007 0:00,0.234
8/11/2007 0:00,0.581
8/12/2007 0:00,6.177
8/13/2007 0:00,2.33
8/14/2007 0:00,4.765
8/15/2007 0:00,2.436
8/16/2007 0:00,1.752
8/17/2007 0:00,1.304
8/18/2007 0:00,5.375
8/19/2007 0:00,12.653
8/20/2007 0:00,5.44
8/21/2007 0:00,8.863
8/22/2007 0:00,2.877
8/23/2007 0:00,9.225
8/24/2007 0:00,2.062
8/25/2007 0:00,8.109
8/26/2007 0:00,1.898
8/27/2007 0:00,11.632
8/28/2007 0:00,10.691
8/29/2007 0:00,0.221
8/30/2007 0:00,4.458
8/31/2007 0:00,0.173
9/1/2007 0:00,0.084
9/2/2007 0:00,14.091
9/3/2007 0:00,15.95
9/4/2007 0:00,1.199
9/5/2007 0:00,1.148
9/6/2007 0:00,3.502
9/7/2007 0:00,27.072
9/8/2007 0:00,14.568
9/9/2007 0:00,4.191
9/10/2007 0:00,16.846
9/11/2007 0:00,16.336
9/12/2007 0:00,3.668
9/13/2007 0:00,9.918
9/14/2007 0:00,20.449
9/15/2007 0:00,15.719
9/16/2007 0:00,8.345
9/17/2007 0:00,0.053
9/18/2007 0:00,2.677
9/19/2007 0:00,2.809
9/20/2007 0:00,3.644
9/21/2007 0:00,4.053
9/22/2007 0:00,1.356
9/23/2007 0:00,7.197
9/24/2007 0:00,6.907
9/25/2007 0:00,8.609
9/26/2007 0:00,8.443
9/27/2007 0:00,1.242
9/28/2007 0:00,0.094
9/29/2007 0:00,1.289
9/30/2007 0:00,8.128
10/1/2007 0:00,8.212
10/2/2007 0:00,5.976
10/3/2007 0:00,0
10/4/2007 0:00,3.044
10/5/2007 0:00,1.35
10/6/2007 0:00,16.041
10/7/2007 0:00,16.082
10/8/2007 0:00,19.859
10/9/2007 0:00,6.529
10/10/2007 0:00,11.66
10/11/2007 0:00,14.536
10/12/2007 0:00,27.763
10/13/2007 0:00,22.348
10/14/2007 0:00,9.071
10/15/2007 0:00,12.723
10/16/2007 0:00,10.94
10/17/2007 0:00,8.515
10/18/2007 0:00,9.336
10/19/2007 0:00,20.795
10/20/2007 0:00,25.782
10/21/2007 0:00,16.988
10/22/2007 0:00,17.686
10/23/2007 0:00,6.159
10/24/2007 0:00,14.291
10/25/2007 0:00,4.165
10/26/2007 0:00,14.045
10/27/2007 0:00,3.868
10/28/2007 0:00,11.2
10/29/2007 0:00,15.317
10/30/2007 0:00,13.82
10/31/2007 0:00,14.488
11/1/2007 0:00,8.433
11/2/2007 0:00,23.325
11/3/2007 0:00,19.888
11/4/2007 0:00,7.209
11/5/2007 0:00,9.697
11/6/2007 0:00,9.851
11/7/2007 0:00,17.367
11/8/2007 0:00,15.616
11/9/2007 0:00,20.829
11/10/2007 0:00,4.465
11/11/2007 0:00,6.28
11/12/2007 0:00,15.385
11/13/2007 0:00,9.446
11/14/2007 0:00,5.081
11/15/2007 0:00,15.908
11/16/2007 0:00,7.705
11/17/2007 0:00,8.283
11/18/2007 0:00,10.925
11/19/2007 0:00,19.805
11/20/2007 0:00,17.312
11/21/2007 0:00,2.18
11/22/2007 0:00,1.04
11/23/2007 0:00,1.403
11/24/2007 0:00,1.247
11/25/2007 0:00,8.961
11/26/2007 0:00,13.675
11/27/2007 0:00,7.686
11/28/2007 0:00,7.642
11/29/2007 0:00,9.605
11/30/2007 0:00,6.211
12/1/2007 0:00,4.031
12/2/2007 0:00,2.078
12/3/2007 0:00,0.473
12/4/2007 0:00,0.28
12/5/2007 0:00,3.742
12/6/2007 0:00,10.802
12/7/2007 0:00,11.393
12/8/2007 0:00,18.598
12/9/2007 0:00,22.903
12/10/2007 0:00,17.067
12/11/2007 0:00,9.553
12/12/2007 0:00,23.688
12/13/2007 0:00,10.088
12/14/2007 0:00,18.516
12/15/2007 0:00,10.8
12/16/2007 0:00,6.891
12/17/2007 0:00,14.767
12/18/2007 0:00,0.633
12/19/2007 0:00,8.271
12/20/2007 0:00,12.562
12/21/2007 0:00,19.162
12/22/2007 0:00,21.545
12/23/2007 0:00,28.56
12/24/2007 0:00,25.306
12/25/2007 0:00,21.561
12/26/2007 0:00,11.202
12/27/2007 0:00,0.045
12/28/2007 0:00,7.171
12/29/2007 0:00,7.527
12/30/2007 0:00,6.446
12/31/2007 0:00,1.709
1/1/2008 0:00,11.375
1/2/2008 0:00,4.891
1/3/2008 0:00,11.491
1/4/2008 0:00,3.474
1/5/2008 0:00,8.188
1/6/2008 0:00,10.973
1/7/2008 0:00,7.691
1/8/2008 0:00,8.242
1/9/2008 0:00,8.21
1/10/2008 0:00,8.763
1/11/2008 0:00,1.935
1/12/2008 0:00,6.03
1/13/2008 0:00,7.903
1/14/2008 0:00,6.021
1/15/2008 0:00,3.916
1/16/2008 0:00,2.623
1/17/2008 0:00,1.052
1/18/2008 0:00,9.989
1/19/2008 0:00,6.023
1/20/2008 0:00,1.624
1/21/2008 0:00,15.599
1/22/2008 0:00,12.929
1/23/2008 0:00,9.881
1/24/2008 0:00,13.784
1/25/2008 0:00,11.753
1/26/2008 0:00,8.378
1/27/2008 0:00,6.417
1/28/2008 0:00,22.707
1/29/2008 0:00,19.549
1/30/2008 0:00,16.79
1/31/2008 0:00,25.469
2/1/2008 0:00,13.613
2/2/2008 0:00,8.518
2/3/2008 0:00,2.416
2/4/2008 0:00,0.207
2/5/2008 0:00,0.465
2/6/2008 0:00,0.518
2/7/2008 0:00,6.769
2/8/2008 0:00,11.723
2/9/2008 0:00,1.87
2/10/2008 0:00,1.753
2/11/2008 0:00,3.403
2/12/2008 0:00,4.822
2/13/2008 0:00,3.234
2/14/2008 0:00,9.414
2/15/2008 0:00,6.152
2/16/2008 0:00,2.974
2/17/2008 0:00,4.765
2/18/2008 0:00,0.788
2/19/2008 0:00,5.22
2/20/2008 0:00,6.24
2/21/2008 0:00,7.195
2/22/2008 0:00,1.586
2/23/2008 0:00,11.733
2/24/2008 0:00,17.122
2/25/2008 0:00,15.626
2/26/2008 0:00,6.32
2/27/2008 0:00,10.143
2/28/2008 0:00,10.871
2/29/2008 0:00,7.696
3/1/2008 0:00,9.843
3/2/2008 0:00,15.682
3/3/2008 0:00,14.048
3/4/2008 0:00,1.239
3/5/2008 0:00,13.239
3/6/2008 0:00,0.92
3/7/2008 0:00,26.219
3/8/2008 0:00,9.719
3/9/2008 0:00,7.714
3/10/2008 0:00,17.407
3/11/2008 0:00,25.52
3/12/2008 0:00,23.475
3/13/2008 0:00,14.72
3/14/2008 0:00,31.934
3/15/2008 0:00,17.263
3/16/2008 0:00,15.292
3/17/2008 0:00,19.72
3/18/2008 0:00,29.009
3/19/2008 0:00,47.11
3/20/2008 0:00,2.431
3/21/2008 0:00,34.414
3/22/2008 0:00,33.49
3/23/2008 0:00,3.464
3/24/2008 0:00,4.696
3/25/2008 0:00,10.741
3/26/2008 0:00,0
3/27/2008 0:00,1.242
3/28/2008 0:00,0.408
3/29/2008 0:00,4.64
3/30/2008 0:00,14.92
3/31/2008 0:00,1.854
4/1/2008 0:00,7.083
4/2/2008 0:00,9.084
4/3/2008 0:00,7.529
4/4/2008 0:00,7.146
4/5/2008 0:00,4.04
4/6/2008 0:00,0.511
4/7/2008 0:00,6.607
4/8/2008 0:00,15.046
4/9/2008 0:00,3.839
4/10/2008 0:00,24.46
4/11/2008 0:00,13.225
4/12/2008 0:00,10.012
4/13/2008 0:00,18.748
4/14/2008 0:00,24.514
4/15/2008 0:00,22.816
4/16/2008 0:00,20.767
4/17/2008 0:00,15.316
4/18/2008 0:00,22.844
4/19/2008 0:00,10.684
4/20/2008 0:00,12.009
4/21/2008 0:00,14.902
4/22/2008 0:00,13.171
4/23/2008 0:00,6.42
4/24/2008 0:00,14.771
4/25/2008 0:00,2.359
4/26/2008 0:00,0.228
4/27/2008 0:00,0.204
4/28/2008 0:00,13.239
4/29/2008 0:00,10.419
4/30/2008 0:00,7.31
5/1/2008 0:00,1.606
5/2/2008 0:00,3.153
5/3/2008 0:00,2.671
5/4/2008 0:00,9.608
5/5/2008 0:00,5.993
5/6/2008 0:00,11.006
5/7/2008 0:00,4.818
5/8/2008 0:00,4.287
5/9/2008 0:00,7.338
5/10/2008 0:00,5.715
5/11/2008 0:00,0.984
5/12/2008 0:00,3.023
5/13/2008 0:00,5.086
5/14/2008 0:00,0.257
5/15/2008 0:00,0.14
5/16/2008 0:00,0.001
5/17/2008 0:00,0
5/18/2008 0:00,0
5/19/2008 0:00,0
5/20/2008 0:00,0.005
5/21/2008 0:00,7.831
5/22/2008 0:00,4.925
5/23/2008 0:00,2.776
5/24/2008 0:00,14.205
5/25/2008 0:00,16.764
5/26/2008 0:00,7.828
5/27/2008 0:00,8.405
5/28/2008 0:00,3.196
5/29/2008 0:00,7.899
5/30/2008 0:00,18.703
5/31/2008 0:00,5.018
6/1/2008 0:00,3.226
6/2/2008 0:00,6.107
6/3/2008 0:00,22.675
6/4/2008 0:00,3.345
6/5/2008 0:00,23.678
6/6/2008 0:00,9.619
6/7/2008 0:00,21.071
6/8/2008 0:00,0.93
6/9/2008 0:00,2.275
6/10/2008 0:00,0.391
6/11/2008 0:00,0.246
6/12/2008 0:00,0
6/13/2008 0:00,2.64
6/14/2008 0:00,0.13
6/15/2008 0:00,0.036
6/16/2008 0:00,3.509
6/17/2008 0:00,5.172
6/18/2008 0:00,14.795
6/19/2008 0:00,2.808
6/20/2008 0:00,0.729
6/21/2008 0:00,6.198
6/22/2008 0:00,3.12
6/23/2008 0:00,2.539
6/24/2008 0:00,4.947
6/25/2008 0:00,0.917
6/26/2008 0:00,1.28
6/27/2008 0:00,5.069
6/28/2008 0:00,1.104
6/29/2008 0:00,15.414
6/30/2008 0:00,8.53
7/1/2008 0:00,0.085
7/2/2008 0:00,5.801
7/3/2008 0:00,4.227
7/4/2008 0:00,9.264
7/5/2008 0:00,0.868
7/6/2008 0:00,0.213
7/7/2008 0:00,1.962
7/8/2008 0:00,7.542
7/9/2008 0:00,2.896
7/10/2008 0:00,9.96
7/11/2008 0:00,0.68
7/12/2008 0:00,3.185
7/13/2008 0:00,7.81
7/14/2008 0:00,11.881
7/15/2008 0:00,1.117
7/16/2008 0:00,1.634
7/17/2008 0:00,2.982
7/18/2008 0:00,3.307
7/19/2008 0:00,0.378
7/20/2008 0:00,8.585
7/21/2008 0:00,12.296
7/22/2008 0:00,18.148
7/23/2008 0:00,2.902
7/24/2008 0:00,8.182
7/25/2008 0:00,27.294
7/26/2008 0:00,5.259
7/27/2008 0:00,1.661
7/28/2008 0:00,1.774
7/29/2008 0:00,4.402
7/30/2008 0:00,0.659
7/31/2008 0:00,0
8/1/2008 0:00,0
8/2/2008 0:00,0
8/3/2008 0:00,0.066
8/4/2008 0:00,0.028
8/5/2008 0:00,1.921
8/6/2008 0:00,1.433
8/7/2008 0:00,6.325
8/8/2008 0:00,0.266
8/9/2008 0:00,0.606
8/10/2008 0:00,2.836
8/11/2008 0:00,0.008
8/12/2008 0:00,18.861
8/13/2008 0:00,0
8/14/2008 0:00,4.497
8/15/2008 0:00,3.745
8/16/2008 0:00,1.615
8/17/2008 0:00,5.434
8/18/2008 0:00,6.53
8/19/2008 0:00,7.056
8/20/2008 0:00,1.229
8/21/2008 0:00,13.709
8/22/2008 0:00,9.616
8/23/2008 0:00,15.483
8/24/2008 0:00,7.729
8/25/2008 0:00,3.205
8/26/2008 0:00,19.265
8/27/2008 0:00,24.639
8/28/2008 0:00,21.833
8/29/2008 0:00,12.746
8/30/2008 0:00,9.032
8/31/2008 0:00,9.457
9/1/2008 0:00,12.796
9/2/2008 0:00,10.023
9/3/2008 0:00,14.576
9/4/2008 0:00,19.682
9/5/2008 0:00,11.184
9/6/2008 0:00,2.855
9/7/2008 0:00,6.535
9/8/2008 0:00,15.994
9/9/2008 0:00,16.578
9/10/2008 0:00,9.913
9/11/2008 0:00,4.041
9/12/2008 0:00,9.945
9/13/2008 0:00,11.522
9/14/2008 0:00,13.8
9/15/2008 0:00,3.098
9/16/2008 0:00,6.077
9/17/2008 0:00,0.323
9/18/2008 0:00,2.881
9/19/2008 0:00,0.148
9/20/2008 0:00,5.841
9/21/2008 0:00,7.478
9/22/2008 0:00,2.368
9/23/2008 0:00,10.215
9/24/2008 0:00,4.963
9/25/2008 0:00,13.933
9/26/2008 0:00,11.694
9/27/2008 0:00,3.551
9/28/2008 0:00,1.742
9/29/2008 0:00,24.55
9/30/2008 0:00,35.745
10/1/2008 0:00,6.177
10/2/2008 0:00,14.342
10/3/2008 0:00,15.537
10/4/2008 0:00,14.688
10/5/2008 0:00,11.479
10/6/2008 0:00,15.564
10/7/2008 0:00,17.737
10/8/2008 0:00,4.021
10/9/2008 0:00,6.57
10/10/2008 0:00,5.796
10/11/2008 0:00,8.014
10/12/2008 0:00,4.697
10/13/2008 0:00,13.187
10/14/2008 0:00,6.871
10/15/2008 0:00,3.694
10/16/2008 0:00,13.337
10/17/2008 0:00,10.558
10/18/2008 0:00,15.841
10/19/2008 0:00,13.744
10/20/2008 0:00,16.428
10/21/2008 0:00,11.387
10/22/2008 0:00,5.108
10/23/2008 0:00,5.709
10/24/2008 0:00,1.238
10/25/2008 0:00,0.283
10/26/2008 0:00,1.54
10/27/2008 0:00,3.426
10/28/2008 0:00,0.996
10/29/2008 0:00,16.016
10/30/2008 0:00,0.966
10/31/2008 0:00,8.293
11/1/2008 0:00,15.291
11/2/2008 0:00,24.931
11/3/2008 0:00,4.119
11/4/2008 0:00,28.187
11/5/2008 0:00,11.491
11/6/2008 0:00,5.077
11/7/2008 0:00,13.343
11/8/2008 0:00,1.812
11/9/2008 0:00,0.981
11/10/2008 0:00,6.324
11/11/2008 0:00,6.356
11/12/2008 0:00,17.455
11/13/2008 0:00,8.051
11/14/2008 0:00,16.525
11/15/2008 0:00,12.132
11/16/2008 0:00,16.107
11/17/2008 0:00,18.144
11/18/2008 0:00,14.13
11/19/2008 0:00,6.405
11/20/2008 0:00,4.531
11/21/2008 0:00,7.665
11/22/2008 0:00,1.248
11/23/2008 0:00,1.453
11/24/2008 0:00,11.109
11/25/2008 0:00,1.69
11/26/2008 0:00,13.834
11/27/2008 0:00,3.373
11/28/2008 0:00,3.737
11/29/2008 0:00,1.612
11/30/2008 0:00,5.265
12/1/2008 0:00,4.439
12/2/2008 0:00,8.518
12/3/2008 0:00,13.538
12/4/2008 0:00,23.05
12/5/2008 0:00,16.533
12/6/2008 0:00,26.883
12/7/2008 0:00,46.154
12/8/2008 0:00,13.904
12/9/2008 0:00,11.328
12/10/2008 0:00,11.075
12/11/2008 0:00,16.389
12/12/2008 0:00,9.903
12/13/2008 0:00,11.244
12/14/2008 0:00,15.673
12/15/2008 0:00,9.472
12/16/2008 0:00,19.3
12/17/2008 0:00,11.66
12/18/2008 0:00,3.367
12/19/2008 0:00,0.959
12/20/2008 0:00,1.03
12/21/2008 0:00,7.436
12/22/2008 0:00,3.6
12/23/2008 0:00,11.75
12/24/2008 0:00,32.836
12/25/2008 0:00,4.817
12/26/2008 0:00,8.133
12/27/2008 0:00,2.063
12/28/2008 0:00,25.143
12/29/2008 0:00,15.182
12/30/2008 0:00,12.97
12/31/2008 0:00,11.619
1/1/2009 0:00,25.935
1/2/2009 0:00,8.841
1/3/2009 0:00,7.908
1/4/2009 0:00,9.814
1/5/2009 0:00,12.921
1/6/2009 0:00,8.799
1/7/2009 0:00,19.414
1/8/2009 0:00,12.138
1/9/2009 0:00,2.015
1/10/2009 0:00,3.125
1/11/2009 0:00,0.022
1/12/2009 0:00,12.336
1/13/2009 0:00,4.828
1/14/2009 0:00,1.674
1/15/2009 0:00,0.268
1/16/2009 0:00,0.696
1/17/2009 0:00,1.012
1/18/2009 0:00,0.269
1/19/2009 0:00,0.018
1/20/2009 0:00,1.898
1/21/2009 0:00,3.215
1/22/2009 0:00,0.844
1/23/2009 0:00,0.633
1/24/2009 0:00,4.108
1/25/2009 0:00,18.017
1/26/2009 0:00,10.728
1/27/2009 0:00,2.135
1/28/2009 0:00,6.109
1/29/2009 0:00,32.587
1/30/2009 0:00,33.814
1/31/2009 0:00,16.039
2/1/2009 0:00,21.482
2/2/2009 0:00,16.245
2/3/2009 0:00,13.098
2/4/2009 0:00,10.815
2/5/2009 0:00,1.791
2/6/2009 0:00,4.93
2/7/2009 0:00,8.193
2/8/2009 0:00,0.005
2/9/2009 0:00,0.823
2/10/2009 0:00,2.024
2/11/2009 0:00,14.467
2/12/2009 0:00,5.206
2/13/2009 0:00,8.028
2/14/2009 0:00,6.234
2/15/2009 0:00,4.192
2/16/2009 0:00,5.578
2/17/2009 0:00,5.489
2/18/2009 0:00,1.351
2/19/2009 0:00,13.498
2/20/2009 0:00,2.315
2/21/2009 0:00,21.206
2/22/2009 0:00,9.084
2/23/2009 0:00,17.335
2/24/2009 0:00,21.132
2/25/2009 0:00,6.753
2/26/2009 0:00,13.413
2/27/2009 0:00,3.52
2/28/2009 0:00,18.882
3/1/2009 0:00,5.981
3/2/2009 0:00,12.872
3/3/2009 0:00,11.534
3/4/2009 0:00,4.782
3/5/2009 0:00,8.696
3/6/2009 0:00,12.843
3/7/2009 0:00,16.411
3/8/2009 0:00,8.344
3/9/2009 0:00,19.266
3/10/2009 0:00,22.157
3/11/2009 0:00,15.52
3/12/2009 0:00,7.934
3/13/2009 0:00,16.866
3/14/2009 0:00,7.535
3/15/2009 0:00,3.906
3/16/2009 0:00,5.785
3/17/2009 0:00,13.036
3/18/2009 0:00,11.038
3/19/2009 0:00,0.908
3/20/2009 0:00,23.523
3/21/2009 0:00,6.844
3/22/2009 0:00,9.231
3/23/2009 0:00,13.973
3/24/2009 0:00,8.481
3/25/2009 0:00,11.787
3/26/2009 0:00,12.933
3/27/2009 0:00,5.728
3/28/2009 0:00,8.658
3/29/2009 0:00,12.316
3/30/2009 0:00,9.709
3/31/2009 0:00,8.351
4/1/2009 0:00,12.719
4/2/2009 0:00,1.411
4/3/2009 0:00,18.793
4/4/2009 0:00,13.649
4/5/2009 0:00,14.01
4/6/2009 0:00,10.678
4/7/2009 0:00,18.543
4/8/2009 0:00,7.73
4/9/2009 0:00,19.951
4/10/2009 0:00,14.181
4/11/2009 0:00,17.845
4/12/2009 0:00,17.048
4/13/2009 0:00,1.978
4/14/2009 0:00,16.491
4/15/2009 0:00,10.131
4/16/2009 0:00,0.196
4/17/2009 0:00,1.732
4/18/2009 0:00,11.234
4/19/2009 0:00,1.558
4/20/2009 0:00,9.281
4/21/2009 0:00,3.707
4/22/2009 0:00,9.226
4/23/2009 0:00,9.188
4/24/2009 0:00,0.632
4/25/2009 0:00,1.296
4/26/2009 0:00,3.534
4/27/2009 0:00,0.701
4/28/2009 0:00,0.619
4/29/2009 0:00,9.434
4/30/2009 0:00,6.795
5/1/2009 0:00,8.299
5/2/2009 0:00,2.415
5/3/2009 0:00,11.488
5/4/2009 0:00,3.972
5/5/2009 0:00,11.286
5/6/2009 0:00,7.427
5/7/2009 0:00,5.791
5/8/2009 0:00,11.044
5/9/2009 0:00,10.416
5/10/2009 0:00,8.114
5/11/2009 0:00,7.698
5/12/2009 0:00,3.311
5/13/2009 0:00,12.602
5/14/2009 0:00,3.149
5/15/2009 0:00,2.863
5/16/2009 0:00,0.94
5/17/2009 0:00,2.486
5/18/2009 0:00,1.952
5/19/2009 0:00,0.427
5/20/2009 0:00,1.912
5/21/2009 0:00,2.413
5/22/2009 0:00,0.002
5/23/2009 0:00,3.131
5/24/2009 0:00,0.345
5/25/2009 0:00,0
5/26/2009 0:00,1.019
5/27/2009 0:00,0.016
5/28/2009 0:00,0.096
5/29/2009 0:00,0.014
5/30/2009 0:00,0.022
5/31/2009 0:00,3.398
6/1/2009 0:00,6.839
6/2/2009 0:00,15.383
6/3/2009 0:00,12.015
6/4/2009 0:00,0.233
6/5/2009 0:00,1.433
6/6/2009 0:00,0.78
6/7/2009 0:00,3.923
6/8/2009 0:00,1.064
6/9/2009 0:00,0.018
6/10/2009 0:00,0.321
6/11/2009 0:00,2.803
6/12/2009 0:00,14.297
6/13/2009 0:00,4.714
6/14/2009 0:00,9.455
6/15/2009 0:00,11.32
6/16/2009 0:00,0.014
6/17/2009 0:00,0
6/18/2009 0:00,0
6/19/2009 0:00,0.644
6/20/2009 0:00,0.265
6/21/2009 0:00,1.05
6/22/2009 0:00,1.602
6/23/2009 0:00,6.978
6/24/2009 0:00,1.72
6/25/2009 0:00,3.779
6/26/2009 0:00,8.223
6/27/2009 0:00,9.953
6/28/2009 0:00,1.824
6/29/2009 0:00,15.984
6/30/2009 0:00,0.415
7/1/2009 0:00,0.714
7/2/2009 0:00,1.572
7/3/2009 0:00,0.365
7/4/2009 0:00,0.649
7/5/2009 0:00,7.939
7/6/2009 0:00,10.636
7/7/2009 0:00,3.284
7/8/2009 0:00,0.496
7/9/2009 0:00,11.924
7/10/2009 0:00,15.932
7/11/2009 0:00,9.294
7/12/2009 0:00,7.698
7/13/2009 0:00,0.149
7/14/2009 0:00,1.991
7/15/2009 0:00,3.508
7/16/2009 0:00,0.436
7/17/2009 0:00,7.267
7/18/2009 0:00,1.445
7/19/2009 0:00,1.786
7/20/2009 0:00,0.382
7/21/2009 0:00,3.065
7/22/2009 0:00,2.615
7/23/2009 0:00,5.64
7/24/2009 0:00,2.888
7/25/2009 0:00,12.669
7/26/2009 0:00,1.749
7/27/2009 0:00,8.44
7/28/2009 0:00,5.918
7/29/2009 0:00,0.45
7/30/2009 0:00,0
7/31/2009 0:00,0
8/1/2009 0:00,0.04
8/2/2009 0:00,0.385
8/3/2009 0:00,0
8/4/2009 0:00,0
8/5/2009 0:00,0.019
8/6/2009 0:00,0
8/7/2009 0:00,0.084
8/8/2009 0:00,4.824
8/9/2009 0:00,12.914
8/10/2009 0:00,13.408
8/11/2009 0:00,4.432
8/12/2009 0:00,8.2
8/13/2009 0:00,4.416
8/14/2009 0:00,12.04
8/15/2009 0:00,4.465
8/16/2009 0:00,4.15
8/17/2009 0:00,1.908
8/18/2009 0:00,16.485
8/19/2009 0:00,1.105
8/20/2009 0:00,9.94
8/21/2009 0:00,2.59
8/22/2009 0:00,4.957
8/23/2009 0:00,8.931
8/24/2009 0:00,6.273
8/25/2009 0:00,13.031
8/26/2009 0:00,9.051
8/27/2009 0:00,17.392
8/28/2009 0:00,0.934
8/29/2009 0:00,13.529
8/30/2009 0:00,13.542
8/31/2009 0:00,10.778
9/1/2009 0:00,18.238
9/2/2009 0:00,2.183
9/3/2009 0:00,21.954
9/4/2009 0:00,11.589
9/5/2009 0:00,11.974
9/6/2009 0:00,18.884
9/7/2009 0:00,1.947
9/8/2009 0:00,10.585
9/9/2009 0:00,5.584
9/10/2009 0:00,2.447
9/11/2009 0:00,9.388
9/12/2009 0:00,8.177
9/13/2009 0:00,1.265
9/14/2009 0:00,2.081
9/15/2009 0:00,9.161
9/16/2009 0:00,5.953
9/17/2009 0:00,13.95
9/18/2009 0:00,11.903
9/19/2009 0:00,8.626
9/20/2009 0:00,0.722
9/21/2009 0:00,9.113
9/22/2009 0:00,1.869
9/23/2009 0:00,5.501
9/24/2009 0:00,3.282
9/25/2009 0:00,2.514
9/26/2009 0:00,10.627
9/27/2009 0:00,12.931
9/28/2009 0:00,18.015
9/29/2009 0:00,18.013
9/30/2009 0:00,24.925
10/1/2009 0:00,10.989
10/2/2009 0:00,5.634
10/3/2009 0:00,20.789
10/4/2009 0:00,10.514
10/5/2009 0:00,0.113
10/6/2009 0:00,2.569
10/7/2009 0:00,0.635
10/8/2009 0:00,2.55
10/9/2009 0:00,4.362
10/10/2009 0:00,10.964
10/11/2009 0:00,1.131
10/12/2009 0:00,6.428
10/13/2009 0:00,3.052
10/14/2009 0:00,5.703
10/15/2009 0:00,4.865
10/16/2009 0:00,14.312
10/17/2009 0:00,9.854
10/18/2009 0:00,0.968
10/19/2009 0:00,5.417
10/20/2009 0:00,8.574
10/21/2009 0:00,2.29
10/22/2009 0:00,3.684
10/23/2009 0:00,5.856
10/24/2009 0:00,16.641
10/25/2009 0:00,14.382
10/26/2009 0:00,20.322
10/27/2009 0:00,19.31
10/28/2009 0:00,13.261
10/29/2009 0:00,24.839
10/30/2009 0:00,18.959
10/31/2009 0:00,18.105
11/1/2009 0:00,2.569
11/2/2009 0:00,12.772
11/3/2009 0:00,13.775
11/4/2009 0:00,15.796
11/5/2009 0:00,19.484
11/6/2009 0:00,25.041
11/7/2009 0:00,7.301
11/8/2009 0:00,8.828
11/9/2009 0:00,28.075
11/10/2009 0:00,12.565
11/11/2009 0:00,4.535
11/12/2009 0:00,17.12
11/13/2009 0:00,15.281
11/14/2009 0:00,3.95
11/15/2009 0:00,16.456
11/16/2009 0:00,10.598
11/17/2009 0:00,3.909
11/18/2009 0:00,18.792
11/19/2009 0:00,10.783
11/20/2009 0:00,4.789
11/21/2009 0:00,2.835
11/22/2009 0:00,9.074
11/23/2009 0:00,0.783
11/24/2009 0:00,0.2
11/25/2009 0:00,0.043
11/26/2009 0:00,0.453
11/27/2009 0:00,15.094
11/28/2009 0:00,14.71
11/29/2009 0:00,10.654
11/30/2009 0:00,26.982
12/1/2009 0:00,3.379
12/2/2009 0:00,10.809
12/3/2009 0:00,14.758
12/4/2009 0:00,13.388
12/5/2009 0:00,13.252
12/6/2009 0:00,3.076
12/7/2009 0:00,3.999
12/8/2009 0:00,11.778
12/9/2009 0:00,11.438
12/10/2009 0:00,3.76
12/11/2009 0:00,5.125
12/12/2009 0:00,2.012
12/13/2009 0:00,7.255
12/14/2009 0:00,36.886
12/15/2009 0:00,1.249
12/16/2009 0:00,18.872
12/17/2009 0:00,7.836
12/18/2009 0:00,22.181
12/19/2009 0:00,2.667
12/20/2009 0:00,1.94
12/21/2009 0:00,0.724
12/22/2009 0:00,9.773
12/23/2009 0:00,4.516
12/24/2009 0:00,13.902
12/25/2009 0:00,19.457
12/26/2009 0:00,20.388
12/27/2009 0:00,19.226
12/28/2009 0:00,21.654
12/29/2009 0:00,13
12/30/2009 0:00,12.405
12/31/2009 0:00,24.092
1/1/2010 0:00,3.226
1/2/2010 0:00,16.232
1/3/2010 0:00,4.396
1/4/2010 0:00,1.737
1/5/2010 0:00,17.004
1/6/2010 0:00,15.073
1/7/2010 0:00,12.07
1/8/2010 0:00,14.194
1/9/2010 0:00,6.641
1/10/2010 0:00,1.729
1/11/2010 0:00,14.147
1/12/2010 0:00,32.081
1/13/2010 0:00,5.978
1/14/2010 0:00,1.382
1/15/2010 0:00,0.538
1/16/2010 0:00,3.69
1/17/2010 0:00,3.354
1/18/2010 0:00,19.916
1/19/2010 0:00,16.642
1/20/2010 0:00,3.413
1/21/2010 0:00,6.332
1/22/2010 0:00,7.426
1/23/2010 0:00,12.89
1/24/2010 0:00,9.262
1/25/2010 0:00,5.645
1/26/2010 0:00,3.664
1/27/2010 0:00,10.043
1/28/2010 0:00,5.273
1/29/2010 0:00,13.592
1/30/2010 0:00,1.365
1/31/2010 0:00,11.973
2/1/2010 0:00,18.82
2/2/2010 0:00,0.388
2/3/2010 0:00,9.882
2/4/2010 0:00,7.689
2/5/2010 0:00,5.927
2/6/2010 0:00,1.053
2/7/2010 0:00,4.596
2/8/2010 0:00,5.144
2/9/2010 0:00,6.179
2/10/2010 0:00,9.845
2/11/2010 0:00,1.669
2/12/2010 0:00,5.694
2/13/2010 0:00,5.505
2/14/2010 0:00,1.302
2/15/2010 0:00,11.01
2/16/2010 0:00,14.419
2/17/2010 0:00,9.359
2/18/2010 0:00,9.774
2/19/2010 0:00,2.892
2/20/2010 0:00,21.875
2/21/2010 0:00,9.047
2/22/2010 0:00,6.102
2/23/2010 0:00,12.273
2/24/2010 0:00,17.057
2/25/2010 0:00,21.464
2/26/2010 0:00,5.741
2/27/2010 0:00,7.677
2/28/2010 0:00,7.609
3/1/2010 0:00,9.913
3/2/2010 0:00,10.708
3/3/2010 0:00,16.55
3/4/2010 0:00,9.421
3/5/2010 0:00,15.104
3/6/2010 0:00,1.473
3/7/2010 0:00,8.911
3/8/2010 0:00,34.723
3/9/2010 0:00,10.087
3/10/2010 0:00,5.166
3/11/2010 0:00,8.392
3/12/2010 0:00,7.494
3/13/2010 0:00,15.51
3/14/2010 0:00,26.273
3/15/2010 0:00,21.723
3/16/2010 0:00,16.545
3/17/2010 0:00,4.554
3/18/2010 0:00,7.587
3/19/2010 0:00,7.006
3/20/2010 0:00,29.534
3/21/2010 0:00,5.606
3/22/2010 0:00,44.85
3/23/2010 0:00,1.678
3/24/2010 0:00,21.251
3/25/2010 0:00,23.066
3/26/2010 0:00,4.559
3/27/2010 0:00,13.441
3/28/2010 0:00,0.779
3/29/2010 0:00,27.619
3/30/2010 0:00,19.963
3/31/2010 0:00,30.487
4/1/2010 0:00,20.239
4/2/2010 0:00,15.336
4/3/2010 0:00,29.225
4/4/2010 0:00,5.572
4/5/2010 0:00,3.198
4/6/2010 0:00,7.391
4/7/2010 0:00,12.12
4/8/2010 0:00,11.706
4/9/2010 0:00,13.142
4/10/2010 0:00,8.616
4/11/2010 0:00,9.779
4/12/2010 0:00,15.909
4/13/2010 0:00,17.359
4/14/2010 0:00,16.049
4/15/2010 0:00,21.998
4/16/2010 0:00,14.758
4/17/2010 0:00,5.394
4/18/2010 0:00,30.397
4/19/2010 0:00,26.602
4/20/2010 0:00,7.929
4/21/2010 0:00,14.079
4/22/2010 0:00,12.927
4/23/2010 0:00,16.513
4/24/2010 0:00,0.375
4/25/2010 0:00,15.287
4/26/2010 0:00,39.273
4/27/2010 0:00,12.233
4/28/2010 0:00,3.697
4/29/2010 0:00,9.989
4/30/2010 0:00,6.575
5/1/2010 0:00,14.951
5/2/2010 0:00,19.6
5/3/2010 0:00,8.708
5/4/2010 0:00,1.771
5/5/2010 0:00,5.654
5/6/2010 0:00,17.995
5/7/2010 0:00,17.962
5/8/2010 0:00,10.075
5/9/2010 0:00,18.756
5/10/2010 0:00,12.147
5/11/2010 0:00,18.856
5/12/2010 0:00,19.452
5/13/2010 0:00,21.402
5/14/2010 0:00,17.765
5/15/2010 0:00,1.565
5/16/2010 0:00,4.569
5/17/2010 0:00,0.411
5/18/2010 0:00,0.481
5/19/2010 0:00,4.218
5/20/2010 0:00,6.882
5/21/2010 0:00,1.231
5/22/2010 0:00,7.272
5/23/2010 0:00,1.819
5/24/2010 0:00,0.217
5/25/2010 0:00,1.244
5/26/2010 0:00,2.078
5/27/2010 0:00,0.122
5/28/2010 0:00,1.165
5/29/2010 0:00,8.455
5/30/2010 0:00,23.258
5/31/2010 0:00,6.277
6/1/2010 0:00,11.996
6/2/2010 0:00,0.091
6/3/2010 0:00,14.156
6/4/2010 0:00,19.005
6/5/2010 0:00,19.043
6/6/2010 0:00,4.84
6/7/2010 0:00,6.122
6/8/2010 0:00,0.392
6/9/2010 0:00,0
6/10/2010 0:00,0.633
6/11/2010 0:00,0.538
6/12/2010 0:00,1.038
6/13/2010 0:00,3.203
6/14/2010 0:00,10.519
6/15/2010 0:00,0.79
6/16/2010 0:00,1.326
6/17/2010 0:00,1.109
6/18/2010 0:00,1.344
6/19/2010 0:00,9.545
6/20/2010 0:00,0.985
6/21/2010 0:00,9.05
6/22/2010 0:00,10.694
6/23/2010 0:00,3.121
6/24/2010 0:00,9.09
6/25/2010 0:00,0.815
6/26/2010 0:00,12.101
6/27/2010 0:00,17.707
6/28/2010 0:00,9.017
6/29/2010 0:00,1.581
6/30/2010 0:00,21.892
7/1/2010 0:00,6.897
7/2/2010 0:00,14.113
7/3/2010 0:00,0.066
7/4/2010 0:00,0
7/5/2010 0:00,0.004
7/6/2010 0:00,1.939
7/7/2010 0:00,12.341
7/8/2010 0:00,1.746
7/9/2010 0:00,3.14
7/10/2010 0:00,8.137
7/11/2010 0:00,2.172
7/12/2010 0:00,1.662
7/13/2010 0:00,11.8
7/14/2010 0:00,10.384
7/15/2010 0:00,13.007
7/16/2010 0:00,12.576
7/17/2010 0:00,1.614
7/18/2010 0:00,8.883
7/19/2010 0:00,0.221
7/20/2010 0:00,7.032
7/21/2010 0:00,17.506
7/22/2010 0:00,5.05
7/23/2010 0:00,0.991
7/24/2010 0:00,3.618
7/25/2010 0:00,17.145
7/26/2010 0:00,9.741
7/27/2010 0:00,0.224
7/28/2010 0:00,0.447
7/29/2010 0:00,7.177
7/30/2010 0:00,4.52
7/31/2010 0:00,2.649
8/1/2010 0:00,7.553
8/2/2010 0:00,0.006
8/3/2010 0:00,2.156
8/4/2010 0:00,0.812
8/5/2010 0:00,0.599
8/6/2010 0:00,10.183
8/7/2010 0:00,5.756
8/8/2010 0:00,8.171
8/9/2010 0:00,1.397
8/10/2010 0:00,1.46
8/11/2010 0:00,26.048
8/12/2010 0:00,8.337
8/13/2010 0:00,26.676
8/14/2010 0:00,17.341
8/15/2010 0:00,4.754
8/16/2010 0:00,6.159
8/17/2010 0:00,17.621
8/18/2010 0:00,16.908
8/19/2010 0:00,10.667
8/20/2010 0:00,9.648
8/21/2010 0:00,1.163
8/22/2010 0:00,0.275
8/23/2010 0:00,0.217
8/24/2010 0:00,7.082
8/25/2010 0:00,5.669
8/26/2010 0:00,1.742
8/27/2010 0:00,14.382
8/28/2010 0:00,3.43
8/29/2010 0:00,4.713
8/30/2010 0:00,13.179
8/31/2010 0:00,2.192
9/1/2010 0:00,11.933
9/2/2010 0:00,9.165
9/3/2010 0:00,6.854
9/4/2010 0:00,14.459
9/5/2010 0:00,2.13
9/6/2010 0:00,2.625
9/7/2010 0:00,1.903
9/8/2010 0:00,5.036
9/9/2010 0:00,0.773
9/10/2010 0:00,1.614
9/11/2010 0:00,0.665
9/12/2010 0:00,4.018
9/13/2010 0:00,0.59
9/14/2010 0:00,10.999
9/15/2010 0:00,16.089
9/16/2010 0:00,8.937
9/17/2010 0:00,14.884
9/18/2010 0:00,14.548
9/19/2010 0:00,12.16
9/20/2010 0:00,19.392
9/21/2010 0:00,19.057
9/22/2010 0:00,19.366
9/23/2010 0:00,24.809
9/24/2010 0:00,14.386
9/25/2010 0:00,8.203
9/26/2010 0:00,10.538
9/27/2010 0:00,11.536
9/28/2010 0:00,5.562
9/29/2010 0:00,18.046
9/30/2010 0:00,11.353
10/1/2010 0:00,22.541
10/2/2010 0:00,25.754
10/3/2010 0:00,20.782
10/4/2010 0:00,9.49
10/5/2010 0:00,16.703
10/6/2010 0:00,11.014
10/7/2010 0:00,9.568
10/8/2010 0:00,0.008
10/9/2010 0:00,0.066
10/10/2010 0:00,4.796
10/11/2010 0:00,6.598
10/12/2010 0:00,31.092
10/13/2010 0:00,14.238
10/14/2010 0:00,0.032
10/15/2010 0:00,0
10/16/2010 0:00,0.778
10/17/2010 0:00,1.401
10/18/2010 0:00,1.423
10/19/2010 0:00,1.793
10/20/2010 0:00,9.921
10/21/2010 0:00,2.771
10/22/2010 0:00,2.443
10/23/2010 0:00,16.002
10/24/2010 0:00,11.291
10/25/2010 0:00,10.991
10/26/2010 0:00,20.935
10/27/2010 0:00,2.629
10/28/2010 0:00,5.711
10/29/2010 0:00,17.254
10/30/2010 0:00,8.989
10/31/2010 0:00,8.503
11/1/2010 0:00,5.724
11/2/2010 0:00,0.346
11/3/2010 0:00,8.485
11/4/2010 0:00,2.333
11/5/2010 0:00,2.399
11/6/2010 0:00,25.039
11/7/2010 0:00,10.438
11/8/2010 0:00,18.504
11/9/2010 0:00,3.367
11/10/2010 0:00,22.042
11/11/2010 0:00,14.308
11/12/2010 0:00,7.413
11/13/2010 0:00,7.903
11/14/2010 0:00,10.02
11/15/2010 0:00,12.797
11/16/2010 0:00,17.468
11/17/2010 0:00,6.162
11/18/2010 0:00,12.222
11/19/2010 0:00,10.449
11/20/2010 0:00,7.221
11/21/2010 0:00,11.762
11/22/2010 0:00,16.527
11/23/2010 0:00,9.604
11/24/2010 0:00,11.446
11/25/2010 0:00,16.632
11/26/2010 0:00,9.905
11/27/2010 0:00,18.452
11/28/2010 0:00,22.607
11/29/2010 0:00,10.045
11/30/2010 0:00,26.051
12/1/2010 0:00,10.141
12/2/2010 0:00,7.465
12/3/2010 0:00,18.799
12/4/2010 0:00,8.474
12/5/2010 0:00,1.587
12/6/2010 0:00,1.247
12/7/2010 0:00,8.593
12/8/2010 0:00,4.9
12/9/2010 0:00,16.563
12/10/2010 0:00,6.625
12/11/2010 0:00,2.952
12/12/2010 0:00,0.103
12/13/2010 0:00,1.786
12/14/2010 0:00,4.726
12/15/2010 0:00,12.186
12/16/2010 0:00,7.442
12/17/2010 0:00,3.442
12/18/2010 0:00,6.2
12/19/2010 0:00,10.699
12/20/2010 0:00,6.486
12/21/2010 0:00,3.26
12/22/2010 0:00,15.451
12/23/2010 0:00,1.181
12/24/2010 0:00,7.42
12/25/2010 0:00,2.66
12/26/2010 0:00,31.558
12/27/2010 0:00,3.657
12/28/2010 0:00,3.894
12/29/2010 0:00,18.038
12/30/2010 0:00,3.828
12/31/2010 0:00,8.92
1/1/2011 0:00,7.468
1/2/2011 0:00,12
1/3/2011 0:00,17.657
1/4/2011 0:00,4.54
1/5/2011 0:00,19.908
1/6/2011 0:00,3.56
1/7/2011 0:00,3.972
1/8/2011 0:00,5.304
1/9/2011 0:00,20.996
1/10/2011 0:00,22.397
1/11/2011 0:00,7.158
1/12/2011 0:00,10.729
1/13/2011 0:00,2.678
1/14/2011 0:00,11.006
1/15/2011 0:00,9.347
1/16/2011 0:00,12.959
1/17/2011 0:00,0.421
1/18/2011 0:00,1.526
1/19/2011 0:00,0.117
1/20/2011 0:00,3.379
1/21/2011 0:00,13.435
1/22/2011 0:00,4.624
1/23/2011 0:00,24.943
1/24/2011 0:00,16.098
1/25/2011 0:00,22.671
1/26/2011 0:00,6.378
1/27/2011 0:00,18.525
1/28/2011 0:00,12.133
1/29/2011 0:00,9.438
1/30/2011 0:00,19.745
1/31/2011 0:00,2.395
2/1/2011 0:00,2.809
2/2/2011 0:00,29.652
2/3/2011 0:00,17.302
2/4/2011 0:00,3.909
2/5/2011 0:00,32.659
2/6/2011 0:00,3.27
2/7/2011 0:00,0
2/8/2011 0:00,2.5
2/9/2011 0:00,4.499
2/10/2011 0:00,0
2/11/2011 0:00,0.002
2/12/2011 0:00,4.113
2/13/2011 0:00,5.429
2/14/2011 0:00,19.165
2/15/2011 0:00,13.173
2/16/2011 0:00,5.253
2/17/2011 0:00,2.449
2/18/2011 0:00,9.197
2/19/2011 0:00,2.962
2/20/2011 0:00,0.535
2/21/2011 0:00,0.107
2/22/2011 0:00,0.878
2/23/2011 0:00,2.541
2/24/2011 0:00,7.15
2/25/2011 0:00,18.247
2/26/2011 0:00,11.038
2/27/2011 0:00,23.928
2/28/2011 0:00,17.496
3/1/2011 0:00,17.994
3/2/2011 0:00,4.812
3/3/2011 0:00,6.749
3/4/2011 0:00,14.233
3/5/2011 0:00,6.731
3/6/2011 0:00,4.641
3/7/2011 0:00,8.356
3/8/2011 0:00,7.644
3/9/2011 0:00,9.938
3/10/2011 0:00,6.907
3/11/2011 0:00,7.201
3/12/2011 0:00,8.054
3/13/2011 0:00,12.851
3/14/2011 0:00,24.203
3/15/2011 0:00,9.937
3/16/2011 0:00,17.798
3/17/2011 0:00,10.197
3/18/2011 0:00,8.744
3/19/2011 0:00,18.448
3/20/2011 0:00,8.222
3/21/2011 0:00,20.022
3/22/2011 0:00,2.544
3/23/2011 0:00,6.032
3/24/2011 0:00,11.257
3/25/2011 0:00,0.584
3/26/2011 0:00,6.63
3/27/2011 0:00,2.856
3/28/2011 0:00,16.179
3/29/2011 0:00,3.717
3/30/2011 0:00,1.984
3/31/2011 0:00,7.453
4/1/2011 0:00,8.267
4/2/2011 0:00,3.197
4/3/2011 0:00,5.846
4/4/2011 0:00,3.435
4/5/2011 0:00,3.356
4/6/2011 0:00,7.438
4/7/2011 0:00,17.63
4/8/2011 0:00,15.061
4/9/2011 0:00,8.262
4/10/2011 0:00,18.947
4/11/2011 0:00,1.954
4/12/2011 0:00,9.375
4/13/2011 0:00,3.985
4/14/2011 0:00,4.895
4/15/2011 0:00,11.682
4/16/2011 0:00,10.092
4/17/2011 0:00,18.408
4/18/2011 0:00,5.108
4/19/2011 0:00,2.034
4/20/2011 0:00,20.116
4/21/2011 0:00,1.866
4/22/2011 0:00,11.65
4/23/2011 0:00,8.024
4/24/2011 0:00,13.709
4/25/2011 0:00,12.683
4/26/2011 0:00,13.821
4/27/2011 0:00,22.605
4/28/2011 0:00,26.345
4/29/2011 0:00,34.519
4/30/2011 0:00,19.105
5/1/2011 0:00,1.53
5/2/2011 0:00,3.201
5/3/2011 0:00,1.807
5/4/2011 0:00,3.978
5/5/2011 0:00,0.991
5/6/2011 0:00,1.2
5/7/2011 0:00,0.001
5/8/2011 0:00,0
5/9/2011 0:00,0
5/10/2011 0:00,0.099
5/11/2011 0:00,0
5/12/2011 0:00,9.034
5/13/2011 0:00,3.164
5/14/2011 0:00,1.825
5/15/2011 0:00,7.468
5/16/2011 0:00,6.68
5/17/2011 0:00,4.134
5/18/2011 0:00,11.032
5/19/2011 0:00,2.555
5/20/2011 0:00,6.798
5/21/2011 0:00,11.193
5/22/2011 0:00,4.554
5/23/2011 0:00,2.535
5/24/2011 0:00,11.956
5/25/2011 0:00,7.877
5/26/2011 0:00,5.517
5/27/2011 0:00,7.204
5/28/2011 0:00,5.391
5/29/2011 0:00,3.636
5/30/2011 0:00,4.787
5/31/2011 0:00,7.368
6/1/2011 0:00,15.021
6/2/2011 0:00,19.57
6/3/2011 0:00,7.397
6/4/2011 0:00,14.843
6/5/2011 0:00,16.901
6/6/2011 0:00,0.385
6/7/2011 0:00,0
6/8/2011 0:00,2.811
6/9/2011 0:00,1.079
6/10/2011 0:00,9.785
6/11/2011 0:00,4.004
6/12/2011 0:00,2.016
6/13/2011 0:00,8.746
6/14/2011 0:00,0.6
6/15/2011 0:00,4.512
6/16/2011 0:00,1.942
6/17/2011 0:00,4.611
6/18/2011 0:00,0.068
6/19/2011 0:00,0.699
6/20/2011 0:00,0.7
6/21/2011 0:00,3.919
6/22/2011 0:00,11.587
6/23/2011 0:00,1.927
6/24/2011 0:00,17.259
6/25/2011 0:00,6.089
6/26/2011 0:00,0.761
6/27/2011 0:00,2.941
6/28/2011 0:00,9.557
6/29/2011 0:00,2.026
6/30/2011 0:00,1.313
7/1/2011 0:00,0
7/2/2011 0:00,0
7/3/2011 0:00,0.336
7/4/2011 0:00,0.38
7/5/2011 0:00,0
7/6/2011 0:00,0
7/7/2011 0:00,3.988
7/8/2011 0:00,2.037
7/9/2011 0:00,0.436
7/10/2011 0:00,3.916
7/11/2011 0:00,12.915
7/12/2011 0:00,3.476
7/13/2011 0:00,0.506
7/14/2011 0:00,2.427
7/15/2011 0:00,22.843
7/16/2011 0:00,0.248
7/17/2011 0:00,1.66
7/18/2011 0:00,0.7
7/19/2011 0:00,0.626
7/20/2011 0:00,0.206
7/21/2011 0:00,2.502
7/22/2011 0:00,7.03
7/23/2011 0:00,2.926
7/24/2011 0:00,6.853
7/25/2011 0:00,4.308
7/26/2011 0:00,1.019
7/27/2011 0:00,2.677
7/28/2011 0:00,2.019
7/29/2011 0:00,0.868
7/30/2011 0:00,0.862
7/31/2011 0:00,1.173
8/1/2011 0:00,0.363
8/2/2011 0:00,0.038
8/3/2011 0:00,6.412
8/4/2011 0:00,23.914
8/5/2011 0:00,0.015
8/6/2011 0:00,12.549
8/7/2011 0:00,9.508
8/8/2011 0:00,0.953
8/9/2011 0:00,1.295
8/10/2011 0:00,2.128
8/11/2011 0:00,0.196
8/12/2011 0:00,1.169
8/13/2011 0:00,8.302
8/14/2011 0:00,9.356
8/15/2011 0:00,2.722
8/16/2011 0:00,2.114
8/17/2011 0:00,0.703
8/18/2011 0:00,0.777
8/19/2011 0:00,10.391
8/20/2011 0:00,8.599
8/21/2011 0:00,1.147
8/22/2011 0:00,2.681
8/23/2011 0:00,2.309
8/24/2011 0:00,7.791
8/25/2011 0:00,8.966
8/26/2011 0:00,1.026
8/27/2011 0:00,5.272
8/28/2011 0:00,5.409
8/29/2011 0:00,8.207
8/30/2011 0:00,0.787
8/31/2011 0:00,4.734
9/1/2011 0:00,6.844
9/2/2011 0:00,7.189
9/3/2011 0:00,3.029
9/4/2011 0:00,4.114
9/5/2011 0:00,3.199
9/6/2011 0:00,1.869
9/7/2011 0:00,1.233
9/8/2011 0:00,0.232
9/9/2011 0:00,8.046
9/10/2011 0:00,16.286
9/11/2011 0:00,0.18
9/12/2011 0:00,5.252
9/13/2011 0:00,2.813
9/14/2011 0:00,11.728
9/15/2011 0:00,2.366
9/16/2011 0:00,10.167
9/17/2011 0:00,4.06
9/18/2011 0:00,9.782
9/19/2011 0:00,4.142
9/20/2011 0:00,8.562
9/21/2011 0:00,13.75
9/22/2011 0:00,0.288
9/23/2011 0:00,0.111
9/24/2011 0:00,3.618
9/25/2011 0:00,8.269
9/26/2011 0:00,9.717
9/27/2011 0:00,12.141
9/28/2011 0:00,1.54
9/29/2011 0:00,2.779
9/30/2011 0:00,6.187
10/1/2011 0:00,7.544
10/2/2011 0:00,1.808
10/3/2011 0:00,11.121
10/4/2011 0:00,7.62
10/5/2011 0:00,4.46
10/6/2011 0:00,7.6
10/7/2011 0:00,10.322
10/8/2011 0:00,13.12
10/9/2011 0:00,1.649
10/10/2011 0:00,5.903
10/11/2011 0:00,4.07
10/12/2011 0:00,1.379
10/13/2011 0:00,3.371
10/14/2011 0:00,5.081
10/15/2011 0:00,1.707
10/16/2011 0:00,7.183
10/17/2011 0:00,2.485
10/18/2011 0:00,14.992
10/19/2011 0:00,4.949
10/20/2011 0:00,19.512
10/21/2011 0:00,8.556
10/22/2011 0:00,5.578
10/23/2011 0:00,12.425
10/24/2011 0:00,12.636
10/25/2011 0:00,6.017
10/26/2011 0:00,12.576
10/27/2011 0:00,14.598
10/28/2011 0:00,10.727
10/29/2011 0:00,7.281
10/30/2011 0:00,11.707
10/31/2011 0:00,18.345
11/1/2011 0:00,12.047
11/2/2011 0:00,17.743
11/3/2011 0:00,17.86
11/4/2011 0:00,8.96
11/5/2011 0:00,0.693
11/6/2011 0:00,9.797
11/7/2011 0:00,17.506
11/8/2011 0:00,10.415
11/9/2011 0:00,0.817
11/10/2011 0:00,1.642
11/11/2011 0:00,13.232
11/12/2011 0:00,8.83
11/13/2011 0:00,11.822
11/14/2011 0:00,7.076
11/15/2011 0:00,5.575
11/16/2011 0:00,3.049
11/17/2011 0:00,17.142
11/18/2011 0:00,10.853
11/19/2011 0:00,10.601
11/20/2011 0:00,12.169
11/21/2011 0:00,8.806
11/22/2011 0:00,19.18
11/23/2011 0:00,22.596
11/24/2011 0:00,5.771
11/25/2011 0:00,13.916
11/26/2011 0:00,14.305
11/27/2011 0:00,17.047
11/28/2011 0:00,19.633
11/29/2011 0:00,15.016
11/30/2011 0:00,8.927
12/1/2011 0:00,15.978
12/2/2011 0:00,14.476
12/3/2011 0:00,11.807
12/4/2011 0:00,2.209
12/5/2011 0:00,14.678
12/6/2011 0:00,1.478
12/7/2011 0:00,12.787
12/8/2011 0:00,7.823
12/9/2011 0:00,5.745
12/10/2011 0:00,4.178
12/11/2011 0:00,20.11
12/12/2011 0:00,17.246
12/13/2011 0:00,12.946
12/14/2011 0:00,21.981
12/15/2011 0:00,12.824
12/16/2011 0:00,12.166
12/17/2011 0:00,11.29
12/18/2011 0:00,11.049
12/19/2011 0:00,18.039
12/20/2011 0:00,20.441
12/21/2011 0:00,5.499
12/22/2011 0:00,22.705
12/23/2011 0:00,15.075
12/24/2011 0:00,5.639
12/25/2011 0:00,9.558
12/26/2011 0:00,0.216
12/27/2011 0:00,0.198
12/28/2011 0:00,8.105
12/29/2011 0:00,6.462
12/30/2011 0:00,3.221
12/31/2011 0:00,2.905
1/1/2012 0:00,0.105
1/2/2012 0:00,2.236
1/3/2012 0:00,0.235
1/4/2012 0:00,1.343
1/5/2012 0:00,6.275
1/6/2012 0:00,4.738
1/7/2012 0:00,3.683
1/8/2012 0:00,1.578
1/9/2012 0:00,2.213
1/10/2012 0:00,6.345
1/11/2012 0:00,12.784
1/12/2012 0:00,26.101
1/13/2012 0:00,15.315
1/14/2012 0:00,3.034
1/15/2012 0:00,8.016
1/16/2012 0:00,1.758
1/17/2012 0:00,10.17
1/18/2012 0:00,0
1/19/2012 0:00,1.719
1/20/2012 0:00,10.016
1/21/2012 0:00,0.589
1/22/2012 0:00,6.313
1/23/2012 0:00,6.09
1/24/2012 0:00,6.794
1/25/2012 0:00,6.574
1/26/2012 0:00,1.857
1/27/2012 0:00,0.08
1/28/2012 0:00,2.516
1/29/2012 0:00,1.016
1/30/2012 0:00,5.983
1/31/2012 0:00,7.022
2/1/2012 0:00,17.663
2/2/2012 0:00,4.541
2/3/2012 0:00,8.985
2/4/2012 0:00,6.194
2/5/2012 0:00,4.651
2/6/2012 0:00,8.284
2/7/2012 0:00,6.814
2/8/2012 0:00,6.772
2/9/2012 0:00,1.125
2/10/2012 0:00,0.126
2/11/2012 0:00,5.754
2/12/2012 0:00,7.95
2/13/2012 0:00,9.869
2/14/2012 0:00,7.405
2/15/2012 0:00,8.876
2/16/2012 0:00,8.253
2/17/2012 0:00,8.857
2/18/2012 0:00,16.695
2/19/2012 0:00,5.709
2/20/2012 0:00,7.34
2/21/2012 0:00,5.442
2/22/2012 0:00,24.178
2/23/2012 0:00,23.936
2/24/2012 0:00,15.569
2/25/2012 0:00,15.478
2/26/2012 0:00,29.9
2/27/2012 0:00,4.624
2/28/2012 0:00,18.944
2/29/2012 0:00,12.67
3/1/2012 0:00,17.918
3/2/2012 0:00,19.827
3/3/2012 0:00,6.296
3/4/2012 0:00,11.675
3/5/2012 0:00,2.428
3/6/2012 0:00,11.041
3/7/2012 0:00,38.023
3/8/2012 0:00,0.06
3/9/2012 0:00,10.598
3/10/2012 0:00,20.711
3/11/2012 0:00,11.741
3/12/2012 0:00,8.188
3/13/2012 0:00,3.38
3/14/2012 0:00,7.09
3/15/2012 0:00,5.174
3/16/2012 0:00,7.339
3/17/2012 0:00,17.277
3/18/2012 0:00,26.624
3/19/2012 0:00,15.671
3/20/2012 0:00,11.822
3/21/2012 0:00,2.551
3/22/2012 0:00,3.384
3/23/2012 0:00,1.029
3/24/2012 0:00,0.142
3/25/2012 0:00,0.9
3/26/2012 0:00,37.635
3/27/2012 0:00,12.881
3/28/2012 0:00,17.075
3/29/2012 0:00,15.441
3/30/2012 0:00,25.042
3/31/2012 0:00,3.801
4/1/2012 0:00,1.808
4/2/2012 0:00,1.576
4/3/2012 0:00,9.67
4/4/2012 0:00,9.169
4/5/2012 0:00,2.007
4/6/2012 0:00,3.436
4/7/2012 0:00,6.746
4/8/2012 0:00,12.377
4/9/2012 0:00,8.472
4/10/2012 0:00,15.99
4/11/2012 0:00,8.083
4/12/2012 0:00,6.956
4/13/2012 0:00,6.658
4/14/2012 0:00,13.536
4/15/2012 0:00,10.84
4/16/2012 0:00,17.92
4/17/2012 0:00,9.49
4/18/2012 0:00,8.163
4/19/2012 0:00,16.537
4/20/2012 0:00,5.313
4/21/2012 0:00,3.725
4/22/2012 0:00,5.045
4/23/2012 0:00,5.448
4/24/2012 0:00,5.949
4/25/2012 0:00,12.481
4/26/2012 0:00,15.61
4/27/2012 0:00,0.158
4/28/2012 0:00,0
4/29/2012 0:00,5.164
4/30/2012 0:00,7.11
5/1/2012 0:00,4.288
5/2/2012 0:00,14.06
5/3/2012 0:00,0.886
5/4/2012 0:00,7.77
5/5/2012 0:00,1.192
5/6/2012 0:00,11.066
5/7/2012 0:00,1.325
5/8/2012 0:00,5.71
5/9/2012 0:00,5.435
5/10/2012 0:00,5.364
5/11/2012 0:00,4.66
5/12/2012 0:00,5.154
5/13/2012 0:00,1.366
5/14/2012 0:00,0.648
5/15/2012 0:00,8.031
5/16/2012 0:00,11.865
5/17/2012 0:00,3.157
5/18/2012 0:00,6.016
5/19/2012 0:00,1.866
5/20/2012 0:00,13.233
5/21/2012 0:00,1.262
5/22/2012 0:00,14.198
5/23/2012 0:00,5.559
5/24/2012 0:00,7.02
5/25/2012 0:00,7.474
5/26/2012 0:00,19.624
5/27/2012 0:00,8.76
5/28/2012 0:00,3.874
5/29/2012 0:00,9.57
5/30/2012 0:00,22.101
5/31/2012 0:00,25.559
6/1/2012 0:00,8.276
6/2/2012 0:00,0.224
6/3/2012 0:00,0.462
6/4/2012 0:00,8.506
6/5/2012 0:00,7.946
6/6/2012 0:00,3.782
6/7/2012 0:00,5.01
6/8/2012 0:00,20.124
6/9/2012 0:00,5.529
6/10/2012 0:00,0.006
6/11/2012 0:00,7.022
6/12/2012 0:00,3.863
6/13/2012 0:00,0
6/14/2012 0:00,0
6/15/2012 0:00,0.072
6/16/2012 0:00,0.479
6/17/2012 0:00,0.759
6/18/2012 0:00,0.454
6/19/2012 0:00,0.409
6/20/2012 0:00,1.942
6/21/2012 0:00,3.205
6/22/2012 0:00,1.405
6/23/2012 0:00,3.308
6/24/2012 0:00,2.035
6/25/2012 0:00,0.73
6/26/2012 0:00,6.385
6/27/2012 0:00,3.73
6/28/2012 0:00,0.13
6/29/2012 0:00,6.207
6/30/2012 0:00,9.386
7/1/2012 0:00,1.069
7/2/2012 0:00,2.133
7/3/2012 0:00,1.777
7/4/2012 0:00,9.078
7/5/2012 0:00,11.298
7/6/2012 0:00,5.607
7/7/2012 0:00,15.928
7/8/2012 0:00,3.146
7/9/2012 0:00,5.126
7/10/2012 0:00,6.87
7/11/2012 0:00,20.766
7/12/2012 0:00,1.958
7/13/2012 0:00,2.562
7/14/2012 0:00,8.008
7/15/2012 0:00,5.189
7/16/2012 0:00,2.69
7/17/2012 0:00,20.477
7/18/2012 0:00,5.248
7/19/2012 0:00,9.879
7/20/2012 0:00,2.27
7/21/2012 0:00,4.308
7/22/2012 0:00,3.628
7/23/2012 0:00,0.352
7/24/2012 0:00,9.213
7/25/2012 0:00,5.932
7/26/2012 0:00,0.435
7/27/2012 0:00,1.496
7/28/2012 0:00,6.364
7/29/2012 0:00,1.685
7/30/2012 0:00,0.042
7/31/2012 0:00,0.775
8/1/2012 0:00,3.038
8/2/2012 0:00,3.596
8/3/2012 0:00,9.421
8/4/2012 0:00,0.467
8/5/2012 0:00,1.701
8/6/2012 0:00,9.3
8/7/2012 0:00,0.25
8/8/2012 0:00,0.124
8/9/2012 0:00,0.106
8/10/2012 0:00,0.331
8/11/2012 0:00,0.594
8/12/2012 0:00,2.197
8/13/2012 0:00,1.533
8/14/2012 0:00,3.55
8/15/2012 0:00,5.511
8/16/2012 0:00,8.412
8/17/2012 0:00,2.07
8/18/2012 0:00,0.904
8/19/2012 0:00,2.313
8/20/2012 0:00,11.853
8/21/2012 0:00,8.187
8/22/2012 0:00,3.422
8/23/2012 0:00,2.673
8/24/2012 0:00,4.037
8/25/2012 0:00,0.934
8/26/2012 0:00,9.551
8/27/2012 0:00,8.301
8/28/2012 0:00,10.268
8/29/2012 0:00,2.225
8/30/2012 0:00,8.881
8/31/2012 0:00,0.203
9/1/2012 0:00,0.027
9/2/2012 0:00,0.325
9/3/2012 0:00,0.396
9/4/2012 0:00,11.414
9/5/2012 0:00,9.86
9/6/2012 0:00,6.512
9/7/2012 0:00,0.486
9/8/2012 0:00,7.31
9/9/2012 0:00,12.03
9/10/2012 0:00,0.014
9/11/2012 0:00,7.734
9/12/2012 0:00,5.019
9/13/2012 0:00,3.04
9/14/2012 0:00,8.017
9/15/2012 0:00,17.554
9/16/2012 0:00,1.437
9/17/2012 0:00,1.019
9/18/2012 0:00,2.199
9/19/2012 0:00,3.514
9/20/2012 0:00,4.124
9/21/2012 0:00,16.856
9/22/2012 0:00,4.807
9/23/2012 0:00,5.85
9/24/2012 0:00,10.781
9/25/2012 0:00,11.201
9/26/2012 0:00,3.844
9/27/2012 0:00,16.569
9/28/2012 0:00,3.347
9/29/2012 0:00,1.067
9/30/2012 0:00,0.123
10/1/2012 0:00,0.726
10/2/2012 0:00,4.252
10/3/2012 0:00,3.926
10/4/2012 0:00,3.954
10/5/2012 0:00,3.496
10/6/2012 0:00,6.822
10/7/2012 0:00,4.146
10/8/2012 0:00,6.385
10/9/2012 0:00,8.242
10/10/2012 0:00,9.406
10/11/2012 0:00,4.103
10/12/2012 0:00,15.548
10/13/2012 0:00,9.477
10/14/2012 0:00,16.023
10/15/2012 0:00,11.221
10/16/2012 0:00,11.225
10/17/2012 0:00,10.482
10/18/2012 0:00,25.358
10/19/2012 0:00,19.338
10/20/2012 0:00,9.555
10/21/2012 0:00,15.654
10/22/2012 0:00,16.346
10/23/2012 0:00,5.953
10/24/2012 0:00,5.251
10/25/2012 0:00,17.774
10/26/2012 0:00,9.235
10/27/2012 0:00,17.767
10/28/2012 0:00,29.802
10/29/2012 0:00,12.401
10/30/2012 0:00,21.235
10/31/2012 0:00,25.044
11/1/2012 0:00,10.215
11/2/2012 0:00,21.542
11/3/2012 0:00,19.988
11/4/2012 0:00,19.184
11/5/2012 0:00,15.329
11/6/2012 0:00,27.186
11/7/2012 0:00,14.662
11/8/2012 0:00,17.092
11/9/2012 0:00,27.801
11/10/2012 0:00,25.9
11/11/2012 0:00,12.796
11/12/2012 0:00,13.525
11/13/2012 0:00,16.028
11/14/2012 0:00,13.543
11/15/2012 0:00,7.663
11/16/2012 0:00,9.257
11/17/2012 0:00,19.094
11/18/2012 0:00,17.619
11/19/2012 0:00,8.982
11/20/2012 0:00,1.649
11/21/2012 0:00,17.038
11/22/2012 0:00,12.075
11/23/2012 0:00,24.872
11/24/2012 0:00,2.71
11/25/2012 0:00,22.709
11/26/2012 0:00,24.535
11/27/2012 0:00,20.543
11/28/2012 0:00,22.145
11/29/2012 0:00,19.194
11/30/2012 0:00,19.097
12/1/2012 0:00,18.233
12/2/2012 0:00,10.136
12/3/2012 0:00,9.807
12/4/2012 0:00,11.58
12/5/2012 0:00,4.107
12/6/2012 0:00,6.836
12/7/2012 0:00,9.443
12/8/2012 0:00,9.749
12/9/2012 0:00,4.546
12/10/2012 0:00,13.964
12/11/2012 0:00,13.428
12/12/2012 0:00,21.709
12/13/2012 0:00,5.525
12/14/2012 0:00,15.628
12/15/2012 0:00,9.494
12/16/2012 0:00,9.217
12/17/2012 0:00,21.076
12/18/2012 0:00,3.918
12/19/2012 0:00,17.371
12/20/2012 0:00,3.923
12/21/2012 0:00,10.352
12/22/2012 0:00,13.742
12/23/2012 0:00,17.848
12/24/2012 0:00,26.244
12/25/2012 0:00,6.398
12/26/2012 0:00,14.353
12/27/2012 0:00,18.043
12/28/2012 0:00,36.999
12/29/2012 0:00,36.755
12/30/2012 0:00,30.557
12/31/2012 0:00,23.326
1/1/2013 0:00,8.105
1/2/2013 0:00,11.013
1/3/2013 0:00,0.612
1/4/2013 0:00,13.64
1/5/2013 0:00,0.506
1/6/2013 0:00,3.64
1/7/2013 0:00,0.319
1/8/2013 0:00,13.813
1/9/2013 0:00,6.756
1/10/2013 0:00,6.784
1/11/2013 0:00,10.255
1/12/2013 0:00,11.774
1/13/2013 0:00,3.131
1/14/2013 0:00,9.792
1/15/2013 0:00,9.754
1/16/2013 0:00,2.786
1/17/2013 0:00,2.468
1/18/2013 0:00,2.142
1/19/2013 0:00,2.082
1/20/2013 0:00,13.097
1/21/2013 0:00,11.88
1/22/2013 0:00,7.766
1/23/2013 0:00,9.768
1/24/2013 0:00,15.571
1/25/2013 0:00,16.286
1/26/2013 0:00,30.586
1/27/2013 0:00,21.919
1/28/2013 0:00,1.577
1/29/2013 0:00,10.301
1/30/2013 0:00,5.547
1/31/2013 0:00,5.377
2/1/2013 0:00,7.799
2/2/2013 0:00,3.846
2/3/2013 0:00,13.803
2/4/2013 0:00,31.76
2/5/2013 0:00,24.678
2/6/2013 0:00,20.67
2/7/2013 0:00,21.126
2/8/2013 0:00,10.396
2/9/2013 0:00,15.793
2/10/2013 0:00,7.011
2/11/2013 0:00,5.965
2/12/2013 0:00,16.762
2/13/2013 0:00,4.455
2/14/2013 0:00,16.187
2/15/2013 0:00,16.83
2/16/2013 0:00,14.03
2/17/2013 0:00,1.599
2/18/2013 0:00,10.367
2/19/2013 0:00,4.269
2/20/2013 0:00,13.306
2/21/2013 0:00,18.926
2/22/2013 0:00,2.862
2/23/2013 0:00,11.302
2/24/2013 0:00,14.7
2/25/2013 0:00,1.658
2/26/2013 0:00,16.549
2/27/2013 0:00,4.543
2/28/2013 0:00,0.61
3/1/2013 0:00,2.639
3/2/2013 0:00,1.151
3/3/2013 0:00,6.577
3/4/2013 0:00,0.67
3/5/2013 0:00,0.008
3/6/2013 0:00,0.332
3/7/2013 0:00,0.935
3/8/2013 0:00,0.547
3/9/2013 0:00,2.261
3/10/2013 0:00,3.002
3/11/2013 0:00,9.809
3/12/2013 0:00,8.266
3/13/2013 0:00,2.885
3/14/2013 0:00,8.262
3/15/2013 0:00,1.993
3/16/2013 0:00,4.491
3/17/2013 0:00,2.39
3/18/2013 0:00,4.02
3/19/2013 0:00,6.385
3/20/2013 0:00,2.625
3/21/2013 0:00,4.539
3/22/2013 0:00,9.521
3/23/2013 0:00,5.867
3/24/2013 0:00,6.313
3/25/2013 0:00,12.795
3/26/2013 0:00,7.978
3/27/2013 0:00,3.91
3/28/2013 0:00,10.03
3/29/2013 0:00,9.608
3/30/2013 0:00,8.287
3/31/2013 0:00,7.51
4/1/2013 0:00,18.477
4/2/2013 0:00,14.371
4/3/2013 0:00,16.688
4/4/2013 0:00,21.134
4/5/2013 0:00,21.406
4/6/2013 0:00,18.786
4/7/2013 0:00,2.972
4/8/2013 0:00,6.878
4/9/2013 0:00,7.967
4/10/2013 0:00,5.344
4/11/2013 0:00,2.26
4/12/2013 0:00,0.916
4/13/2013 0:00,3.77
4/14/2013 0:00,0.268
4/15/2013 0:00,0.131
4/16/2013 0:00,9.386
4/17/2013 0:00,2.855
4/18/2013 0:00,7.882
4/19/2013 0:00,5.895
4/20/2013 0:00,10.22
4/21/2013 0:00,16.419
4/22/2013 0:00,12.158
4/23/2013 0:00,12.888
4/24/2013 0:00,4.171
4/25/2013 0:00,11.101
4/26/2013 0:00,18.716
4/27/2013 0:00,17.56
4/28/2013 0:00,8.207
4/29/2013 0:00,8.47
4/30/2013 0:00,11.481
5/1/2013 0:00,6.262
5/2/2013 0:00,9.545
5/3/2013 0:00,9.794
5/4/2013 0:00,5.507
5/5/2013 0:00,4.204
5/6/2013 0:00,3.729
5/7/2013 0:00,17.069
5/8/2013 0:00,4.371
5/9/2013 0:00,4.53
5/10/2013 0:00,0.578
5/11/2013 0:00,0.237
5/12/2013 0:00,0
5/13/2013 0:00,0.233
5/14/2013 0:00,0.059
5/15/2013 0:00,14.604
5/16/2013 0:00,4.374
5/17/2013 0:00,1.501
5/18/2013 0:00,3.298
5/19/2013 0:00,3.186
5/20/2013 0:00,1.068
5/21/2013 0:00,11.297
5/22/2013 0:00,1.367
5/23/2013 0:00,12.134
5/24/2013 0:00,12.159
5/25/2013 0:00,0.573
5/26/2013 0:00,11.622
5/27/2013 0:00,0.259
5/28/2013 0:00,1.571
5/29/2013 0:00,1.542
5/30/2013 0:00,8.977
5/31/2013 0:00,3.807
6/1/2013 0:00,0.786
6/2/2013 0:00,2.492
6/3/2013 0:00,8.464
6/4/2013 0:00,3.62
6/5/2013 0:00,0.296
6/6/2013 0:00,4.722
6/7/2013 0:00,1.275
6/8/2013 0:00,12.706
6/9/2013 0:00,4.384
6/10/2013 0:00,9.197
6/11/2013 0:00,1.354
6/12/2013 0:00,0.588
6/13/2013 0:00,0.619
6/14/2013 0:00,7.958
6/15/2013 0:00,4.232
6/16/2013 0:00,6.92
6/17/2013 0:00,7.57
6/18/2013 0:00,0.124
6/19/2013 0:00,0
6/20/2013 0:00,0.246
6/21/2013 0:00,1.394
6/22/2013 0:00,2.368
6/23/2013 0:00,0.028
6/24/2013 0:00,0
6/25/2013 0:00,7.364
6/26/2013 0:00,8.222
6/27/2013 0:00,4.604
6/28/2013 0:00,2.089
6/29/2013 0:00,9.855
6/30/2013 0:00,5.837
7/1/2013 0:00,4.44
7/2/2013 0:00,8.665
7/3/2013 0:00,4.234
7/4/2013 0:00,9.568
7/5/2013 0:00,1.861
7/6/2013 0:00,0
7/7/2013 0:00,0.296
7/8/2013 0:00,11.209
7/9/2013 0:00,2.387
7/10/2013 0:00,1.974
7/11/2013 0:00,3.443
7/12/2013 0:00,2.427
7/13/2013 0:00,0.034
7/14/2013 0:00,11.555
7/15/2013 0:00,0.128
7/16/2013 0:00,2.508
7/17/2013 0:00,7.027
7/18/2013 0:00,4.022
7/19/2013 0:00,0.06
7/20/2013 0:00,0.05
7/21/2013 0:00,1.968
7/22/2013 0:00,0
7/23/2013 0:00,0.955
7/24/2013 0:00,1.366
7/25/2013 0:00,0.809
7/26/2013 0:00,2.295
7/27/2013 0:00,0.768
7/28/2013 0:00,7.715
7/29/2013 0:00,4.544
7/30/2013 0:00,7.823
7/31/2013 0:00,9.039
8/1/2013 0:00,27.86
8/2/2013 0:00,8.805
8/3/2013 0:00,3.632
8/4/2013 0:00,3.302
8/5/2013 0:00,6.744
8/6/2013 0:00,6.064
8/7/2013 0:00,9.893
8/8/2013 0:00,9.424
8/9/2013 0:00,13.824
8/10/2013 0:00,15.46
8/11/2013 0:00,5.26
8/12/2013 0:00,0.382
8/13/2013 0:00,8.883
8/14/2013 0:00,3.59
8/15/2013 0:00,1.725
8/16/2013 0:00,0.336
8/17/2013 0:00,8.735
8/18/2013 0:00,31.073
8/19/2013 0:00,15.323
8/20/2013 0:00,4.769
8/21/2013 0:00,9.553
8/22/2013 0:00,5.679
8/23/2013 0:00,0.551
8/24/2013 0:00,11.108
8/25/2013 0:00,3.685
8/26/2013 0:00,0.554
8/27/2013 0:00,0.039
8/28/2013 0:00,3.709
8/29/2013 0:00,5.236
8/30/2013 0:00,7.833
8/31/2013 0:00,8.584
9/1/2013 0:00,12.327
9/2/2013 0:00,6.327
9/3/2013 0:00,5.283
9/4/2013 0:00,9.423
9/5/2013 0:00,17.57
9/6/2013 0:00,12.217
9/7/2013 0:00,0.247
9/8/2013 0:00,8.2
9/9/2013 0:00,14.815
9/10/2013 0:00,18.946
9/11/2013 0:00,8.938
9/12/2013 0:00,7.587
9/13/2013 0:00,6.352
9/14/2013 0:00,8.689
9/15/2013 0:00,4.186
9/16/2013 0:00,15.181
9/17/2013 0:00,3.67
9/18/2013 0:00,1.605
9/19/2013 0:00,5.561
9/20/2013 0:00,0.99
9/21/2013 0:00,0.377
9/22/2013 0:00,0.559
9/23/2013 0:00,0.228
9/24/2013 0:00,0.045
9/25/2013 0:00,0.262
9/26/2013 0:00,16.046
9/27/2013 0:00,1.83
9/28/2013 0:00,14.877
9/29/2013 0:00,3.487
9/30/2013 0:00,0.619
10/1/2013 0:00,30.028
10/2/2013 0:00,19.728
10/3/2013 0:00,20.807
10/4/2013 0:00,4.973
10/5/2013 0:00,16.478
10/6/2013 0:00,12.136
10/7/2013 0:00,4.658
10/8/2013 0:00,12.277
10/9/2013 0:00,16.976
10/10/2013 0:00,11.217
10/11/2013 0:00,14.848
10/12/2013 0:00,14.875
10/13/2013 0:00,19.596
10/14/2013 0:00,13.656
10/15/2013 0:00,16.154
10/16/2013 0:00,24.085
10/17/2013 0:00,11.676
10/18/2013 0:00,22.57
10/19/2013 0:00,20.57
10/20/2013 0:00,15.176
10/21/2013 0:00,14.102
10/22/2013 0:00,15.299
10/23/2013 0:00,12.551
10/24/2013 0:00,7.37
10/25/2013 0:00,12.099
10/26/2013 0:00,8.415
10/27/2013 0:00,15.423
10/28/2013 0:00,9.269
10/29/2013 0:00,14.901
10/30/2013 0:00,10.043
10/31/2013 0:00,8.901
11/1/2013 0:00,10.675
11/2/2013 0:00,10.292
11/3/2013 0:00,10.501
11/4/2013 0:00,12.409
11/5/2013 0:00,19.565
11/6/2013 0:00,5.315
11/7/2013 0:00,5.564
11/8/2013 0:00,10.593
11/9/2013 0:00,15.845
11/10/2013 0:00,17.245
11/11/2013 0:00,17.698
11/12/2013 0:00,6.191
11/13/2013 0:00,16.133
11/14/2013 0:00,16.343
11/15/2013 0:00,5.578
11/16/2013 0:00,16.604
11/17/2013 0:00,9.483
11/18/2013 0:00,13.559
11/19/2013 0:00,15.173
11/20/2013 0:00,8.202
11/21/2013 0:00,8.747
11/22/2013 0:00,12.597
11/23/2013 0:00,6.348
11/24/2013 0:00,11.799
11/25/2013 0:00,19.161
11/26/2013 0:00,7.724
11/27/2013 0:00,14.771
11/28/2013 0:00,9.238
11/29/2013 0:00,19.237
11/30/2013 0:00,17.087
12/1/2013 0:00,18.613
12/2/2013 0:00,29.211
12/3/2013 0:00,26.816
12/4/2013 0:00,12.119
12/5/2013 0:00,18.74
12/6/2013 0:00,26.423
12/7/2013 0:00,25.468
12/8/2013 0:00,14.416
12/9/2013 0:00,19.45
12/10/2013 0:00,19.876
12/11/2013 0:00,17.527
12/12/2013 0:00,15.851
12/13/2013 0:00,11.224
12/14/2013 0:00,1.688
12/15/2013 0:00,0.188
12/16/2013 0:00,3.957
12/17/2013 0:00,0.115
12/18/2013 0:00,0
12/19/2013 0:00,10.688
12/20/2013 0:00,3.295
12/21/2013 0:00,0.104
12/22/2013 0:00,2.998
12/23/2013 0:00,9.284
12/24/2013 0:00,4.209
12/25/2013 0:00,7.843
12/26/2013 0:00,12.165
12/27/2013 0:00,21.964
12/28/2013 0:00,22.192
12/29/2013 0:00,37.503
12/30/2013 0:00,9.711
12/31/2013 0:00,34.325
1/1/2014 0:00,16.352
1/2/2014 0:00,13.511
1/3/2014 0:00,32.295
1/4/2014 0:00,21.636
1/5/2014 0:00,9.053
1/6/2014 0:00,25.766
1/7/2014 0:00,5.752
1/8/2014 0:00,2.234
1/9/2014 0:00,18.37
1/10/2014 0:00,4.612
1/11/2014 0:00,17.769
1/12/2014 0:00,20.796
1/13/2014 0:00,9.963
1/14/2014 0:00,4.155
1/15/2014 0:00,0.714
1/16/2014 0:00,0.761
1/17/2014 0:00,0.615
1/18/2014 0:00,0.434
1/19/2014 0:00,8.013
1/20/2014 0:00,4.443
1/21/2014 0:00,10.951
1/22/2014 0:00,1.57
1/23/2014 0:00,0.516
1/24/2014 0:00,1.239
1/25/2014 0:00,0.17
1/26/2014 0:00,1.232
1/27/2014 0:00,3.594
1/28/2014 0:00,0.866
1/29/2014 0:00,2.01
1/30/2014 0:00,0.503
1/31/2014 0:00,0.007
2/1/2014 0:00,0
2/2/2014 0:00,0.03
2/3/2014 0:00,0.149
2/4/2014 0:00,14.995
2/5/2014 0:00,4.754
2/6/2014 0:00,2.307
2/7/2014 0:00,1.81
2/8/2014 0:00,9.883
2/9/2014 0:00,0.34
2/10/2014 0:00,9.281
2/11/2014 0:00,0.142
2/12/2014 0:00,0.12
2/13/2014 0:00,0
2/14/2014 0:00,2.164
2/15/2014 0:00,0.114
2/16/2014 0:00,0
2/17/2014 0:00,0.13
2/18/2014 0:00,9.655
2/19/2014 0:00,1.214
2/20/2014 0:00,5.264
2/21/2014 0:00,6.72
2/22/2014 0:00,4.512
2/23/2014 0:00,0.033
2/24/2014 0:00,1.193
2/25/2014 0:00,0.406
2/26/2014 0:00,2.155
2/27/2014 0:00,0.926
2/28/2014 0:00,4.436
3/1/2014 0:00,11.65
3/2/2014 0:00,10.569
3/3/2014 0:00,11.881
3/4/2014 0:00,2.713
3/5/2014 0:00,2.591
3/6/2014 0:00,0.499
3/7/2014 0:00,0
3/8/2014 0:00,0.632
3/9/2014 0:00,0.27
3/10/2014 0:00,0.28
3/11/2014 0:00,0
3/12/2014 0:00,0.472
3/13/2014 0:00,2.618
3/14/2014 0:00,3.446
3/15/2014 0:00,11.111
3/16/2014 0:00,17.794
3/17/2014 0:00,7.78
3/18/2014 0:00,3.888
3/19/2014 0:00,8.884
3/20/2014 0:00,25.514
3/21/2014 0:00,17.882
3/22/2014 0:00,5.874
3/23/2014 0:00,1.182
3/24/2014 0:00,0.577
3/25/2014 0:00,1.939
3/26/2014 0:00,6.923
3/27/2014 0:00,2.947
3/28/2014 0:00,4.984
3/29/2014 0:00,13.581
3/30/2014 0:00,7.171
3/31/2014 0:00,21.041
4/1/2014 0:00,16.603
4/2/2014 0:00,12.036
4/3/2014 0:00,25.501
4/4/2014 0:00,37.583
4/5/2014 0:00,10.418
4/6/2014 0:00,2.727
4/7/2014 0:00,3.253
4/8/2014 0:00,0.278
4/9/2014 0:00,4.149
4/10/2014 0:00,8.732
4/11/2014 0:00,16.593
4/12/2014 0:00,2.218
4/13/2014 0:00,5.208
4/14/2014 0:00,10.595
4/15/2014 0:00,34.661
4/16/2014 0:00,8.159
4/17/2014 0:00,14.069
4/18/2014 0:00,3.76
4/19/2014 0:00,4.716
4/20/2014 0:00,16.552
4/21/2014 0:00,4.929
4/22/2014 0:00,14.946
4/23/2014 0:00,15.756
4/24/2014 0:00,11.485
4/25/2014 0:00,11.55
4/26/2014 0:00,14.56
4/27/2014 0:00,15.822
4/28/2014 0:00,3.346
4/29/2014 0:00,11.733
4/30/2014 0:00,14.288
5/1/2014 0:00,13.323
5/2/2014 0:00,6.582
5/3/2014 0:00,11.304
5/4/2014 0:00,9.11
5/5/2014 0:00,5.266
5/6/2014 0:00,3.134
5/7/2014 0:00,16.464
5/8/2014 0:00,7.112
5/9/2014 0:00,11.57
5/10/2014 0:00,11.204
5/11/2014 0:00,26.857
5/12/2014 0:00,7.404
5/13/2014 0:00,18.233
5/14/2014 0:00,4.214
5/15/2014 0:00,10.135
5/16/2014 0:00,18.047
5/17/2014 0:00,15.194
5/18/2014 0:00,14.621
5/19/2014 0:00,1.3
5/20/2014 0:00,4.169
5/21/2014 0:00,16.998
5/22/2014 0:00,1.392
5/23/2014 0:00,4.981
5/24/2014 0:00,2.733
5/25/2014 0:00,4.259
5/26/2014 0:00,25.186
5/27/2014 0:00,11.158
5/28/2014 0:00,2.122
5/29/2014 0:00,5.465
5/30/2014 0:00,19.309
5/31/2014 0:00,8.651
6/1/2014 0:00,9.695
6/2/2014 0:00,8.33
6/3/2014 0:00,11.426
6/4/2014 0:00,23.789
6/5/2014 0:00,18.001
6/6/2014 0:00,4.581
6/7/2014 0:00,1.554
6/8/2014 0:00,3.011
6/9/2014 0:00,0.755
6/10/2014 0:00,3.002
6/11/2014 0:00,5.272
6/12/2014 0:00,5.152
6/13/2014 0:00,6.291
6/14/2014 0:00,8.51
6/15/2014 0:00,2.794
6/16/2014 0:00,0.035
6/17/2014 0:00,8.431
6/18/2014 0:00,3.335
6/19/2014 0:00,0
6/20/2014 0:00,0
6/21/2014 0:00,0
6/22/2014 0:00,0.916
6/23/2014 0:00,3.585
6/24/2014 0:00,1.032
6/25/2014 0:00,2.496
6/26/2014 0:00,4.977
6/27/2014 0:00,2.234
6/28/2014 0:00,2.658
6/29/2014 0:00,2.487
6/30/2014 0:00,6.54
7/1/2014 0:00,6.766
7/2/2014 0:00,5.972
7/3/2014 0:00,9.012
7/4/2014 0:00,4.524
7/5/2014 0:00,5.153
7/6/2014 0:00,5.988
7/7/2014 0:00,4.679
7/8/2014 0:00,9.162
7/9/2014 0:00,4.234
7/10/2014 0:00,8.874
7/11/2014 0:00,11.476
7/12/2014 0:00,6.8
7/13/2014 0:00,0.288
7/14/2014 0:00,0.053
7/15/2014 0:00,0
7/16/2014 0:00,1.807
7/17/2014 0:00,0.902
7/18/2014 0:00,1.55
7/19/2014 0:00,3.309
7/20/2014 0:00,0
7/21/2014 0:00,0
7/22/2014 0:00,2.456
7/23/2014 0:00,1.056
7/24/2014 0:00,0.524
7/25/2014 0:00,0
7/26/2014 0:00,0.699
7/27/2014 0:00,2.116
7/28/2014 0:00,0.987
7/29/2014 0:00,4.981
7/30/2014 0:00,20.573
7/31/2014 0:00,7.272
8/1/2014 0:00,2.589
8/2/2014 0:00,8.818
8/3/2014 0:00,0.949
8/4/2014 0:00,6.296
8/5/2014 0:00,4.199
8/6/2014 0:00,10.666
8/7/2014 0:00,2.438
8/8/2014 0:00,0.581
8/9/2014 0:00,1.2
8/10/2014 0:00,6.473
8/11/2014 0:00,4.029
8/12/2014 0:00,25.069
8/13/2014 0:00,8.857
8/14/2014 0:00,16.282
8/15/2014 0:00,6.401
8/16/2014 0:00,1.248
8/17/2014 0:00,2.289
8/18/2014 0:00,3.37
8/19/2014 0:00,2.726
8/20/2014 0:00,3.301
8/21/2014 0:00,8.264
8/22/2014 0:00,3.77
8/23/2014 0:00,7.958
8/24/2014 0:00,4.269
8/25/2014 0:00,3.677
8/26/2014 0:00,6.039
8/27/2014 0:00,6.759
8/28/2014 0:00,14.636
8/29/2014 0:00,1.901
8/30/2014 0:00,6.768
8/31/2014 0:00,6.955
9/1/2014 0:00,9.342
9/2/2014 0:00,8.053
9/3/2014 0:00,8.396
9/4/2014 0:00,4.654
9/5/2014 0:00,20.423
9/6/2014 0:00,4.355
9/7/2014 0:00,3.36
9/8/2014 0:00,0.386
9/9/2014 0:00,2.888
9/10/2014 0:00,0.908
9/11/2014 0:00,7.23
9/12/2014 0:00,0.927
9/13/2014 0:00,5.049
9/14/2014 0:00,0.335
9/15/2014 0:00,0.755
9/16/2014 0:00,0.231
9/17/2014 0:00,6.985
9/18/2014 0:00,4.188
9/19/2014 0:00,11.233
9/20/2014 0:00,29.365
9/21/2014 0:00,2.179
9/22/2014 0:00,2.548
9/23/2014 0:00,1.353
9/24/2014 0:00,4.034
9/25/2014 0:00,2.137
9/26/2014 0:00,0.048
9/27/2014 0:00,1.088
9/28/2014 0:00,3.34
9/29/2014 0:00,3.494
9/30/2014 0:00,4.1
10/1/2014 0:00,4.739
10/2/2014 0:00,1.876
10/3/2014 0:00,10.486
10/4/2014 0:00,12.674
10/5/2014 0:00,6.072
10/6/2014 0:00,0.441
10/7/2014 0:00,0.729
10/8/2014 0:00,4.597
10/9/2014 0:00,3.202
10/10/2014 0:00,2.107
10/11/2014 0:00,4.905
10/12/2014 0:00,11.55
10/13/2014 0:00,3.615
10/14/2014 0:00,18.662
10/15/2014 0:00,7.749
10/16/2014 0:00,10.889
10/17/2014 0:00,16.557
10/18/2014 0:00,28.528
10/19/2014 0:00,7.74
10/20/2014 0:00,11.854
10/21/2014 0:00,5.909
10/22/2014 0:00,5.087
10/23/2014 0:00,4.093
10/24/2014 0:00,7.211
10/25/2014 0:00,10.188
10/26/2014 0:00,3.682
10/27/2014 0:00,14.187
10/28/2014 0:00,4.189
10/29/2014 0:00,16.62
10/30/2014 0:00,22.733
10/31/2014 0:00,21.437
11/1/2014 0:00,12.884
11/2/2014 0:00,4.407
11/3/2014 0:00,0.016
11/4/2014 0:00,5.571
11/5/2014 0:00,15.435
11/6/2014 0:00,5.285
11/7/2014 0:00,14.817
11/8/2014 0:00,14.854
11/9/2014 0:00,11.066
11/10/2014 0:00,9.755
11/11/2014 0:00,13.426
11/12/2014 0:00,24.494
11/13/2014 0:00,19.562
11/14/2014 0:00,12.986
11/15/2014 0:00,16.831
11/16/2014 0:00,5.12
11/17/2014 0:00,19.665
11/18/2014 0:00,6.256
11/19/2014 0:00,18.44
11/20/2014 0:00,15.202
11/21/2014 0:00,14.781
11/22/2014 0:00,23.146
11/23/2014 0:00,16.572
11/24/2014 0:00,22.562
11/25/2014 0:00,12.237
11/26/2014 0:00,24.068
11/27/2014 0:00,12.372
11/28/2014 0:00,11.015
11/29/2014 0:00,12.593
11/30/2014 0:00,21.799
12/1/2014 0:00,14.369
12/2/2014 0:00,1.517
12/3/2014 0:00,4.28
12/4/2014 0:00,9.277
12/5/2014 0:00,3.167
12/6/2014 0:00,4.208
12/7/2014 0:00,9.351
12/8/2014 0:00,8.892
12/9/2014 0:00,5.946
12/10/2014 0:00,3.059
12/11/2014 0:00,3.2
12/12/2014 0:00,9.466
12/13/2014 0:00,16.98
12/14/2014 0:00,4.595
12/15/2014 0:00,14.256
12/16/2014 0:00,16.276
12/17/2014 0:00,5.237
12/18/2014 0:00,16.977
12/19/2014 0:00,17.775
12/20/2014 0:00,17.483
12/21/2014 0:00,22.313
12/22/2014 0:00,9.51
12/23/2014 0:00,4.175
12/24/2014 0:00,13.38
12/25/2014 0:00,12.386
12/26/2014 0:00,13.951
12/27/2014 0:00,19.224
12/28/2014 0:00,22.074
12/29/2014 0:00,8.456
12/30/2014 0:00,0.639
12/31/2014 0:00,10.26
1/1/2015 0:00,0.56
1/2/2015 0:00,3.004
1/3/2015 0:00,1.913
1/4/2015 0:00,5.595
1/5/2015 0:00,1.053
1/6/2015 0:00,5.311
1/7/2015 0:00,15.729
1/8/2015 0:00,22.197
1/9/2015 0:00,1.685
1/10/2015 0:00,3.585
1/11/2015 0:00,0.576
1/12/2015 0:00,0
1/13/2015 0:00,2.519
1/14/2015 0:00,0.03
1/15/2015 0:00,0.071
1/16/2015 0:00,0.089
1/17/2015 0:00,5.737
1/18/2015 0:00,0.71
1/19/2015 0:00,1.79
1/20/2015 0:00,3.756
1/21/2015 0:00,17.373
1/22/2015 0:00,26.207
1/23/2015 0:00,6.077
1/24/2015 0:00,6.491
1/25/2015 0:00,7.797
1/26/2015 0:00,14.29
1/27/2015 0:00,2.223
1/28/2015 0:00,0.35
1/29/2015 0:00,4.225
1/30/2015 0:00,16.243
1/31/2015 0:00,21.251
2/1/2015 0:00,0.508
2/2/2015 0:00,0.616
2/3/2015 0:00,0.417
2/4/2015 0:00,2.521
2/5/2015 0:00,16.636
2/6/2015 0:00,5.78
2/7/2015 0:00,1.534
2/8/2015 0:00,2.664
2/9/2015 0:00,3.644
2/10/2015 0:00,0.515
2/11/2015 0:00,0.872
2/12/2015 0:00,9.54
2/13/2015 0:00,0.025
2/14/2015 0:00,2.153
2/15/2015 0:00,2.383
2/16/2015 0:00,6.645
2/17/2015 0:00,12.745
2/18/2015 0:00,27.987
2/19/2015 0:00,19.325
2/20/2015 0:00,0.223
2/21/2015 0:00,0
2/22/2015 0:00,8.504
2/23/2015 0:00,9.083
2/24/2015 0:00,0.222
2/25/2015 0:00,0.598
2/26/2015 0:00,1.098
2/27/2015 0:00,3.273
2/28/2015 0:00,4.623
3/1/2015 0:00,5.619
3/2/2015 0:00,0.89
3/3/2015 0:00,4.982
3/4/2015 0:00,10.159
3/5/2015 0:00,8.568
3/6/2015 0:00,2.247
3/7/2015 0:00,14.19
3/8/2015 0:00,10.965
3/9/2015 0:00,13.147
3/10/2015 0:00,13.601
3/11/2015 0:00,19.018
3/12/2015 0:00,2.254
3/13/2015 0:00,8.564
3/14/2015 0:00,4.496
3/15/2015 0:00,13.479
3/16/2015 0:00,0.051
3/17/2015 0:00,2.48
3/18/2015 0:00,5.912
3/19/2015 0:00,16.088
3/20/2015 0:00,11.562
3/21/2015 0:00,9.91
3/22/2015 0:00,11.087
3/23/2015 0:00,15.5
3/24/2015 0:00,14.501
3/25/2015 0:00,8.844
3/26/2015 0:00,5.012
3/27/2015 0:00,5.487
3/28/2015 0:00,4.125
3/29/2015 0:00,10.172
3/30/2015 0:00,6.936
3/31/2015 0:00,7.726
4/1/2015 0:00,9.324
4/2/2015 0:00,14.479
4/3/2015 0:00,4.862
4/4/2015 0:00,17.732
4/5/2015 0:00,12.883
4/6/2015 0:00,0.427
4/7/2015 0:00,13.24
4/8/2015 0:00,8.067
4/9/2015 0:00,8.096
4/10/2015 0:00,7.963
4/11/2015 0:00,14.082
4/12/2015 0:00,14.826
4/13/2015 0:00,4.968
4/14/2015 0:00,7.49
4/15/2015 0:00,11.207
4/16/2015 0:00,10.736
4/17/2015 0:00,12.934
4/18/2015 0:00,19.074
4/19/2015 0:00,10.582
4/20/2015 0:00,3.06
4/21/2015 0:00,15.713
4/22/2015 0:00,10.186
4/23/2015 0:00,10.485
4/24/2015 0:00,13.762
4/25/2015 0:00,13
4/26/2015 0:00,11.181
4/27/2015 0:00,8.755
4/28/2015 0:00,9.041
4/29/2015 0:00,15.991
4/30/2015 0:00,4.136
5/1/2015 0:00,5.217
5/2/2015 0:00,7.247
5/3/2015 0:00,2.359
5/4/2015 0:00,1.428
5/5/2015 0:00,1.264
5/6/2015 0:00,8.496
5/7/2015 0:00,17.881
5/8/2015 0:00,13.044
5/9/2015 0:00,0.936
5/10/2015 0:00,2.045
5/11/2015 0:00,3.563
5/12/2015 0:00,8.014
5/13/2015 0:00,4.129
5/14/2015 0:00,7.104
5/15/2015 0:00,2.372
5/16/2015 0:00,10.981
5/17/2015 0:00,2.886
5/18/2015 0:00,4.452
5/19/2015 0:00,6.157
5/20/2015 0:00,2.598
5/21/2015 0:00,8.113
5/22/2015 0:00,5.072
5/23/2015 0:00,2.446
5/24/2015 0:00,3.515
5/25/2015 0:00,5.947
5/26/2015 0:00,7.832
5/27/2015 0:00,3.3
5/28/2015 0:00,5.729
5/29/2015 0:00,1.796
5/30/2015 0:00,0.202
5/31/2015 0:00,1.178
6/1/2015 0:00,3.845
6/2/2015 0:00,10.208
6/3/2015 0:00,2.993
6/4/2015 0:00,6.949
6/5/2015 0:00,4.763
6/6/2015 0:00,12.631
6/7/2015 0:00,4.043
6/8/2015 0:00,9.425
6/9/2015 0:00,11.801
6/10/2015 0:00,2.431
6/11/2015 0:00,13.652
6/12/2015 0:00,10.968
6/13/2015 0:00,6.681
6/14/2015 0:00,4.871
6/15/2015 0:00,3.447
6/16/2015 0:00,0.33
6/17/2015 0:00,0.111
6/18/2015 0:00,0.089
6/19/2015 0:00,0.665
6/20/2015 0:00,0.065
6/21/2015 0:00,0.004
6/22/2015 0:00,0.051
6/23/2015 0:00,0.905
6/24/2015 0:00,0.013
6/25/2015 0:00,0.166
6/26/2015 0:00,0.108
6/27/2015 0:00,0.003
6/28/2015 0:00,0.001
6/29/2015 0:00,0
6/30/2015 0:00,0.008
7/1/2015 0:00,0.019
7/2/2015 0:00,0.007
7/3/2015 0:00,0.467
7/4/2015 0:00,0.003
7/5/2015 0:00,0
7/6/2015 0:00,0.01
7/7/2015 0:00,0.893
7/8/2015 0:00,0.209
7/9/2015 0:00,0.317
7/10/2015 0:00,1.715
7/11/2015 0:00,1.289
7/12/2015 0:00,8.124
7/13/2015 0:00,19.798
7/14/2015 0:00,4.945
7/15/2015 0:00,0.21
7/16/2015 0:00,3.295
7/17/2015 0:00,5.653
7/18/2015 0:00,0.906
7/19/2015 0:00,3.66
7/20/2015 0:00,7.311
7/21/2015 0:00,0.066
7/22/2015 0:00,0.171
7/23/2015 0:00,0.01
7/24/2015 0:00,0.701
7/25/2015 0:00,1.467
7/26/2015 0:00,4.124
7/27/2015 0:00,0.049
7/28/2015 0:00,0.304
7/29/2015 0:00,0.03
7/30/2015 0:00,1.009
7/31/2015 0:00,1.748
8/1/2015 0:00,2.179
8/2/2015 0:00,19.611
8/3/2015 0:00,13.64
8/4/2015 0:00,2.198
8/5/2015 0:00,7.315
8/6/2015 0:00,12.526
8/7/2015 0:00,4.853
8/8/2015 0:00,3.231
8/9/2015 0:00,9.572
8/10/2015 0:00,4.228
8/11/2015 0:00,0.657
8/12/2015 0:00,0.572
8/13/2015 0:00,7.37
8/14/2015 0:00,6.834
8/15/2015 0:00,1.985
8/16/2015 0:00,4.291
8/17/2015 0:00,0.022
8/18/2015 0:00,0.04
8/19/2015 0:00,1.094
8/20/2015 0:00,7.238
8/21/2015 0:00,3.306
8/22/2015 0:00,3.406
8/23/2015 0:00,0.524
8/24/2015 0:00,1.963
8/25/2015 0:00,7.568
8/26/2015 0:00,4.213
8/27/2015 0:00,2.909
8/28/2015 0:00,0.86
8/29/2015 0:00,1.787
8/30/2015 0:00,0.96
8/31/2015 0:00,0.008
9/1/2015 0:00,0.274
9/2/2015 0:00,0.014
9/3/2015 0:00,0.032
9/4/2015 0:00,0.915
9/5/2015 0:00,1.633
9/6/2015 0:00,0.014
9/7/2015 0:00,0.076
9/8/2015 0:00,11.365
9/9/2015 0:00,12.951
9/10/2015 0:00,11.221
9/11/2015 0:00,0.464
9/12/2015 0:00,0.258
9/13/2015 0:00,1.429
9/14/2015 0:00,1.66
9/15/2015 0:00,9.267
9/16/2015 0:00,4.609
9/17/2015 0:00,4.323
9/18/2015 0:00,0.069
9/19/2015 0:00,1.742
9/20/2015 0:00,4.322
9/21/2015 0:00,8.321
9/22/2015 0:00,8.656
9/23/2015 0:00,0.823
9/24/2015 0:00,4.973
9/25/2015 0:00,2.222
9/26/2015 0:00,10.257
9/27/2015 0:00,17.577
9/28/2015 0:00,5.221
9/29/2015 0:00,2.137
9/30/2015 0:00,1.343
10/1/2015 0:00,7.274
10/2/2015 0:00,0.987
10/3/2015 0:00,0.736
10/4/2015 0:00,1.418
10/5/2015 0:00,0.213
10/6/2015 0:00,1.331
10/7/2015 0:00,7.386
10/8/2015 0:00,4.76
10/9/2015 0:00,3.056
10/10/2015 0:00,1.426
10/11/2015 0:00,2.366
10/12/2015 0:00,0.989
10/13/2015 0:00,4.052
10/14/2015 0:00,1.399
10/15/2015 0:00,1.783
10/16/2015 0:00,2.446
10/17/2015 0:00,2.239
10/18/2015 0:00,4.943
10/19/2015 0:00,3.49
10/20/2015 0:00,0.735
10/21/2015 0:00,0.023
10/22/2015 0:00,0.502
10/23/2015 0:00,0.175
10/24/2015 0:00,1.762
10/25/2015 0:00,0.258
10/26/2015 0:00,2.357
10/27/2015 0:00,5.481
10/28/2015 0:00,8.043
10/29/2015 0:00,3.645
10/30/2015 0:00,10.678
10/31/2015 0:00,4.878
11/1/2015 0:00,2.141
11/2/2015 0:00,5.037
11/3/2015 0:00,16.184
11/4/2015 0:00,14.341
11/5/2015 0:00,17.716
11/6/2015 0:00,15.537
11/7/2015 0:00,13.696
11/8/2015 0:00,11.696
11/9/2015 0:00,4.805
11/10/2015 0:00,17.764
11/11/2015 0:00,13.181
11/12/2015 0:00,16.242
11/13/2015 0:00,3.22
11/14/2015 0:00,12.119
11/15/2015 0:00,10.012
11/16/2015 0:00,20.099
11/17/2015 0:00,3.089
11/18/2015 0:00,9.064
11/19/2015 0:00,8.143
11/20/2015 0:00,11.535
11/21/2015 0:00,16.81
11/22/2015 0:00,8.4
11/23/2015 0:00,15.891
11/24/2015 0:00,20.346
11/25/2015 0:00,9.467
11/26/2015 0:00,19.647
11/27/2015 0:00,17.331
11/28/2015 0:00,26.621
11/29/2015 0:00,13.612
11/30/2015 0:00,12.94
12/1/2015 0:00,29.701
12/2/2015 0:00,9.639
12/3/2015 0:00,21.861
12/4/2015 0:00,25.028
12/5/2015 0:00,7.918
12/6/2015 0:00,10.956
12/7/2015 0:00,17.225
12/8/2015 0:00,10.167
12/9/2015 0:00,6.381
12/10/2015 0:00,18.52
12/11/2015 0:00,9.502
12/12/2015 0:00,32.96
12/13/2015 0:00,11.647
12/14/2015 0:00,19.193
12/15/2015 0:00,15.922
12/16/2015 0:00,6.624
12/17/2015 0:00,9.663
12/18/2015 0:00,6.232
12/19/2015 0:00,8.359
12/20/2015 0:00,4.296
12/21/2015 0:00,3.571
12/22/2015 0:00,13.002
12/23/2015 0:00,4.672
12/24/2015 0:00,8.71
12/25/2015 0:00,14.403
12/26/2015 0:00,13.245
12/27/2015 0:00,1.938
12/28/2015 0:00,11.784
12/29/2015 0:00,12.274
12/30/2015 0:00,3.309
